Date,Open,High,Low,Close
2018-01-02,1302.56,1318.896,1302.56,1317.3
2018-01-03,1317.3,1321.467,1307.633,1312.83
2018-01-04,1312.7,1325.96,1306.054,1322.1
2018-01-05,1322.15,1323.389,1313.854,1319.04
2018-01-08,1318.93,1322.126,1314.973,1320.3
2018-01-09,1320.3,1320.5,1309.02,1312.36
2018-01-10,1312.55,1327.725,1308.378,1316.48
2018-01-11,1316.52,1323.95,1315.881,1322.11
2018-01-12,1322.4,1339.346,1321.738,1337.48
2018-01-16,1340.34,1342.247,1332.062,1338.3
2018-01-17,1338.07,1344,1326.7,1326.7
2018-01-18,1326.56,1333.101,1324.392,1326.6
2018-01-19,1326.6,1338.039,1326.59,1331.03
2018-01-22,1331.46,1335.8,1328.613,1333.9
2018-01-23,1333.9,1341.8,1331.52,1341.3
2018-01-24,1341.3,1362.064,1339.689,1358.3
2018-01-25,1358.08,1366.056,1342.64,1348
2018-01-26,1348,1357.116,1344.812,1349.27
2018-01-29,1349.19,1352.367,1337.763,1339.94
2018-01-30,1340.4,1348.907,1334.611,1338.35
2018-01-31,1338.4,1347.6,1332.877,1344.57
2018-02-01,1344.629,1351.1,1337.423,1348.35
2018-02-02,1348.55,1350.049,1327.592,1332.5
2018-02-05,1332.5,1341.595,1329.171,1339.25
2018-02-06,1339.4,1346.1,1320.378,1324.15
2018-02-07,1323.859,1332.296,1311.572,1318.26
2018-02-08,1318.119,1322.151,1307.248,1318.8
2018-02-09,1318.65,1322.7,1311.29,1315.71
2018-02-12,1315.71,1327.055,1314.394,1322.6
2018-02-13,1322.65,1330.991,1321.79,1329.45
2018-02-14,1329.4,1355.68,1318.164,1350.42
2018-02-15,1350.22,1357.12,1348.713,1353.2
2018-02-16,1353.4,1361.716,1344.943,1346.78
2018-02-20,1346.63,1348.2,1328.635,1328.75
2018-02-21,1329.1,1336.21,1322.544,1324.4
2018-02-22,1324.288,1332.046,1321.114,1332
2018-02-23,1331.729,1332.2,1325.964,1328.37
2018-02-26,1328.38,1341.042,1326.772,1333.15
2018-02-27,1333.1,1336.699,1313.565,1318.2
2018-02-28,1318.4,1322.6,1315.791,1318.2
2018-03-01,1317.859,1321.11,1302.97,1316.9
2018-03-02,1316.9,1325.5,1315.37,1322.3
2018-03-05,1322.3,1327.8,1317.631,1319.75
2018-03-06,1320,1338.5,1320,1334.2
2018-03-07,1334.4,1340.5,1322.378,1325.4
2018-03-08,1325.3,1329,1319.184,1321.699
2018-03-09,1321.6,1325.129,1312.951,1322.91
2018-03-12,1322.91,1324.246,1315.234,1323
2018-03-13,1322.728,1328.296,1314.07,1326.2
2018-03-14,1325.8,1330.01,1321.594,1324.7
2018-03-15,1324.418,1327.91,1315.06,1316.2
2018-03-16,1316.15,1321.726,1309.804,1313.8
2018-03-19,1313.62,1319.64,1307.87,1316.7
2018-03-20,1316.24,1318.246,1307.32,1311.1
2018-03-21,1310.949,1336.659,1309.973,1331.7
2018-03-22,1331.38,1334.889,1324.957,1328.6
2018-03-23,1328.88,1350.218,1328.88,1346.92
2018-03-26,1346.99,1355.92,1343.604,1353.5
2018-03-27,1353.12,1356.83,1339.96,1344.9
2018-03-28,1345.25,1347,1323.602,1324.8
2018-03-29,1324.6,1328.316,1321.37,1325.05
2018-04-02,1325.06,1344.9,1324.97,1341.3
2018-04-03,1340.38,1342.491,1329.02,1332.3
2018-04-04,1332.7,1348.4,1331.61,1333
2018-04-05,1332.86,1334.89,1322.88,1326.2
2018-04-06,1326.14,1335.5,1319.829,1333.41
2018-04-09,1333.11,1337.949,1327.032,1336.2
2018-04-10,1336.05,1342.6,1331.23,1339.4
2018-04-11,1339,1365.243,1339,1352.9
2018-04-12,1352.65,1353.159,1333.934,1334.4
2018-04-13,1334.6,1347.2,1333.417,1345.75
2018-04-16,1345.25,1350.7,1340.348,1345.6
2018-04-17,1346,1349.384,1337.833,1347.1
2018-04-18,1347.31,1355.9,1342.464,1349.1
2018-04-19,1349.16,1354.8,1341.1,1345.5
2018-04-20,1345.586,1346.286,1335.115,1335.52
2018-04-23,1335.22,1335.89,1322.288,1324.5
2018-04-24,1324.35,1332.65,1322.249,1330.2
2018-04-25,1329.38,1332.056,1318.92,1323.1
2018-04-26,1322.78,1326.6,1315.422,1316.9
2018-04-27,1316.7,1325.2,1315.472,1323.09
2018-04-30,1323.29,1326.43,1310.348,1315.5
2018-05-01,1314.84,1316.336,1301.88,1303.7
2018-05-02,1303.5,1313.5,1303.5,1304.9
2018-05-03,1304.576,1318.1,1304.576,1312
2018-05-04,1311.72,1315.411,1308.081,1314.77
2018-05-07,1314.88,1318.943,1310.388,1314
2018-05-08,1313.52,1317.81,1306.212,1314.4
2018-05-09,1314.55,1317.44,1304.45,1312.4
2018-05-10,1312.31,1322.84,1310.951,1321.2
2018-05-11,1321.15,1325.916,1317.435,1318.85
2018-05-14,1317.98,1322.311,1313.13,1313.3
2018-05-15,1313.19,1314.856,1288.85,1290.2
2018-05-16,1289.82,1296.92,1286.53,1290.7
2018-05-17,1290.16,1294.4,1285.334,1290.7
2018-05-18,1290.59,1294.3,1286.2,1292.97
2018-05-21,1292.91,1293.2,1282.274,1292.4
2018-05-22,1292.42,1296.136,1288.11,1291.2
2018-05-23,1291.03,1298.495,1288.061,1293.3
2018-05-24,1293.43,1306.7,1292.9,1304.5
2018-05-25,1304.01,1307.77,1300.05,1301.81
2018-05-29,1297.659,1306.608,1292.838,1298.7
2018-05-30,1298.21,1304.338,1296.024,1301.2
2018-05-31,1301.186,1306.8,1297.67,1297.9
2018-06-01,1298.596,1300.527,1289.458,1292.95
2018-06-04,1293.04,1298.09,1290.37,1292
2018-06-05,1292.04,1300.6,1289.958,1296.3
2018-06-06,1296.156,1301.94,1293.96,1296.4
2018-06-07,1296.334,1303.3,1295.04,1297.1
2018-06-08,1296.754,1300.6,1293.179,1297.72
2018-06-11,1298.82,1302.35,1294.27,1300.4
2018-06-12,1300.15,1300.6,1293.19,1295.6
2018-06-13,1295.58,1301.196,1291.682,1299.6
2018-06-14,1299.11,1309.3,1297.71,1302.4
2018-06-15,1302.12,1303.13,1275.599,1278.45
2018-06-18,1279.46,1282.44,1277.19,1278.1
2018-06-19,1277.99,1284.1,1270.548,1274.5
2018-06-20,1274.7,1276.5,1267.8,1267.8
2018-06-21,1267.35,1270.2,1261.52,1267.1
2018-06-22,1266.51,1271.21,1266.51,1269.28
2018-06-25,1269.2,1272.56,1264.649,1265.4
2018-06-26,1265.496,1267.7,1254.903,1258.8
2018-06-27,1258.5,1260.1,1250.89,1252.16
2018-06-28,1251.73,1254.5,1246.03,1248
2018-06-29,1247.83,1255.606,1246.11,1252.4
2018-07-02,1252.52,1254.21,1239.74,1241.7
2018-07-03,1241.73,1256.89,1238,1252.8
2018-07-05,1256.526,1259.8,1251.4,1257.6
2018-07-06,1257.05,1258.956,1252.98,1254.63
2018-07-09,1254.72,1265.9,1254.72,1257.6
2018-07-10,1257.39,1260.31,1247.519,1255.5
2018-07-11,1255.55,1256.876,1241.71,1241.9
2018-07-12,1241.67,1248.7,1241.49,1247.2
2018-07-13,1247.1,1248.1,1236.518,1241.27
2018-07-16,1241.35,1245.6,1238.45,1240.8
2018-07-17,1240.55,1245.01,1226.21,1227.6
2018-07-18,1226.7,1229.15,1221.25,1227.6
2018-07-19,1227.15,1229.49,1211.65,1222.7
2018-07-20,1222.7,1232.4,1215.82,1231.51
2018-07-23,1231.54,1235.11,1222.36,1224.4
2018-07-24,1224.145,1229.5,1218.3,1224.5
2018-07-25,1224.06,1234.182,1223.38,1231.4
2018-07-26,1231.706,1235.24,1222.4,1222.4
2018-07-27,1222.73,1227.4,1217.68,1223.78
2018-07-30,1222.78,1225.1,1219.14,1221.3
2018-07-31,1221.32,1228.584,1214.13,1223.7
2018-08-01,1223.57,1224.85,1215.8,1215.8
2018-08-02,1215.87,1221.268,1207.23,1207.5
2018-08-03,1207.35,1220.2,1204.588,1214.4
2018-08-06,1213.29,1217.89,1206.465,1207.3
2018-08-07,1207.188,1216.2,1207.188,1210.8
2018-08-08,1210.69,1215.86,1206.39,1213.8
2018-08-09,1213.91,1217.31,1210.932,1212.3
2018-08-10,1212.4,1217.2,1205.87,1210.23
2018-08-13,1211.22,1213.87,1191.8,1193.38
2018-08-14,1193.91,1198.8,1192.11,1194.2
2018-08-15,1193.95,1194.71,1173.23,1174.7
2018-08-16,1175.05,1182,1160.37,1174.2
2018-08-17,1173.48,1186.32,1172.01,1186.32
2018-08-20,1184.52,1190.87,1182.94,1190.2
2018-08-21,1190.32,1197,1187.79,1195.8
2018-08-22,1195.7,1201.58,1192.71,1195.5
2018-08-23,1195.75,1196.62,1184,1185.4
2018-08-24,1185,1208.61,1183.28,1204.91
2018-08-27,1205.76,1212.5,1203.2,1211.2
2018-08-28,1211.1,1214.3,1199.75,1200.8
2018-08-29,1200.18,1207.4,1200.18,1206.8
2018-08-30,1206.4,1207.9,1196.45,1199.8
2018-08-31,1200.33,1209,1198.39,1201.47
2018-09-04,1201.45,1202.03,1189.76,1190.7
2018-09-05,1191.3,1198.41,1190.95,1196.8
2018-09-06,1196.4,1207,1195.92,1199.92
2018-09-07,1199.98,1203.53,1193.57,1196.47
2018-09-10,1195.63,1198.7,1191.65,1195.6
2018-09-11,1194.96,1199.43,1187.83,1198.4
2018-09-12,1198.24,1208.5,1192.82,1206
2018-09-13,1206.58,1212.64,1200.328,1201.3
2018-09-14,1201.4,1208.7,1193.05,1193.6
2018-09-17,1193.56,1204.9,1192.97,1200.5
2018-09-18,1201.246,1203.54,1195.98,1197.9
2018-09-19,1197.9,1206.2,1197.86,1204
2018-09-20,1203.75,1208.4,1201.47,1207.3
2018-09-21,1207.106,1211.05,1191.978,1199.66
2018-09-24,1199.22,1204.2,1194.54,1198.7
2018-09-25,1198.5,1203.5,1197.2,1201.3
2018-09-26,1200.79,1202.47,1190.66,1194.2
2018-09-27,1194.55,1198.63,1181.97,1183.1
2018-09-28,1183.1,1193.9,1180.86,1190.4
2018-10-01,1191.26,1192.41,1184.71,1188.9
2018-10-02,1188.55,1208.5,1188.55,1202.8
2018-10-03,1202.7,1208.278,1196.76,1197.1
2018-10-04,1197.28,1206.9,1196.11,1199.8
2018-10-05,1199.81,1206,1197.38,1203.29
2018-10-08,1202.61,1204.08,1183.05,1188.1
2018-10-09,1188.75,1191.89,1183.41,1189.3
2018-10-10,1189.426,1195,1185.47,1194.3
2018-10-11,1194.25,1226.4,1191.42,1224.3
2018-10-12,1224.3,1224.3,1215.99,1216.6
2018-10-15,1217.5,1233.3,1217.05,1226.8
2018-10-16,1226.76,1232.4,1223.57,1224.5
2018-10-17,1224.56,1229.6,1220.77,1222.1
2018-10-18,1222,1230.14,1218.78,1225.3
2018-10-19,1225.29,1230.8,1223.248,1225.6
2018-10-22,1226.4,1229.57,1220.21,1221.9
2018-10-23,1221.696,1239.9,1221.696,1230.7
2018-10-24,1230.245,1234.3,1225.76,1233.6
2018-10-25,1233.765,1239.19,1228.25,1232.1
2018-10-26,1231.66,1243.428,1230.19,1233.08
2018-10-29,1233.76,1235.42,1224.4,1229.8
2018-10-30,1229.54,1230.59,1220.01,1222.7
2018-10-31,1222.6,1223.27,1212.08,1215
2018-11-01,1214.55,1237.6,1214.55,1233.3
2018-11-02,1233.8,1236.43,1229.88,1232.53
2018-11-05,1232.66,1235.11,1226.96,1231.27
2018-11-06,1231.3,1235.94,1223.61,1226.62
2018-11-07,1226.88,1236.6,1223.16,1226.3
2018-11-08,1226.145,1227.17,1220.24,1223.78
2018-11-09,1223.8,1223.8,1206.8,1209.584
2018-11-12,1209.635,1211.48,1200.1,1200.1
2018-11-13,1200.1,1205.2,1196.464,1202.1
2018-11-14,1202,1216.6,1197.817,1210.65
2018-11-15,1210.64,1216.47,1207.92,1213.13
2018-11-16,1212.975,1225.4,1212.975,1221.136
2018-11-19,1220.8,1225.4,1218.15,1223.94
2018-11-20,1223.735,1228.74,1220.09,1221.3
2018-11-21,1221.39,1230.3,1219.9,1225.77
2018-11-23,1226.65,1228.56,1220.25,1222.85
2018-11-26,1222.85,1228.036,1221.86,1222.18
2018-11-27,1222.16,1225.26,1212.01,1214.8
2018-11-28,1214.8,1227.4,1211.31,1220.87
2018-11-29,1220.905,1229,1220.66,1224.1
2018-11-30,1223.885,1225.58,1216.8,1222.136
2018-12-03,1222.02,1234.9,1221.44,1230.45
2018-12-04,1230.5,1242,1230.5,1238.23
2018-12-05,1238.23,1239.3,1233.484,1236.97
2018-12-06,1236.97,1244.4,1234.884,1237.4
2018-12-07,1237.405,1250.06,1237.4,1248.165
2018-12-10,1248.17,1250.88,1241.77,1244.19
2018-12-11,1244.135,1249.516,1241.2,1243.03
2018-12-12,1242.97,1247.2,1242.183,1245.25
2018-12-13,1245.265,1246.73,1240.26,1241.54
2018-12-14,1241.8,1243.04,1233.065,1238.125
2018-12-17,1238.58,1248.1,1235.86,1245.56
2018-12-18,1245.555,1250.35,1245.2,1249.3
2018-12-19,1249.095,1258.1,1241.81,1242.59
2018-12-20,1242.77,1266.7,1242.77,1259.7
2018-12-21,1259.544,1262.73,1254.08,1255.744
2018-12-24,1255.52,1270.5,1255.52,1269.02
2018-12-26,1270.3,1279.1,1264.44,1266.8
2018-12-27,1266.8,1278.96,1266.8,1275.5
2018-12-28,1275.395,1282.12,1274.39,1280.764
2018-12-31,1280.2,1284.07,1277.6,1282.2
2019-01-02,1282.25,1288.7,1278.87,1284.17
2019-01-03,1284.3,1294.9,1284.3,1294.1
2019-01-04,1293.93,1298.538,1276.5,1284.844
2019-01-07,1284.843,1295.2,1282.76,1288.9
2019-01-08,1288.895,1290.22,1279.52,1285.1
2019-01-09,1284.91,1293.91,1280.243,1293.21
2019-01-10,1293.4,1297.06,1286.26,1286.4
2019-01-11,1286.4,1295.15,1286.4,1287.224
2019-01-14,1287.3,1295.87,1287.3,1291.32
2019-01-15,1291.358,1294.69,1286.89,1289.1
2019-01-16,1289.134,1295,1288,1293.5
2019-01-17,1293.335,1295.36,1288.89,1291.674
2019-01-18,1291.6,1292.5,1280.76,1281.424
2019-01-22,1279.8,1285.52,1277.58,1284.91
2019-01-23,1284.91,1286.53,1278.81,1282.5
2019-01-24,1282.5,1284.82,1276.94,1280.87
2019-01-25,1280.854,1303.976,1280.07,1302.91
2019-01-28,1303,1304.41,1297.852,1303.2
2019-01-29,1303.064,1311.99,1302.884,1311.41
2019-01-30,1311.345,1323.38,1309.16,1319.7
2019-01-31,1319.8,1326.3,1317.5,1321.2
2019-02-01,1321.04,1323.57,1316.23,1317.265
2019-02-04,1317.394,1319.04,1308.74,1312.1
2019-02-05,1312.1,1316.9,1310.9,1314.982
2019-02-06,1314.73,1315.82,1306.11,1306.3
2019-02-07,1306.24,1311.96,1302.91,1309.73
2019-02-08,1310,1315.63,1307.92,1314.203
2019-02-11,1314.12,1315,1303.84,1308
2019-02-12,1307.87,1314.76,1306.65,1310.45
2019-02-13,1310.5,1318.17,1305.16,1306
2019-02-14,1305.99,1314.4,1302.45,1312.11
2019-02-15,1312.194,1322.62,1311.54,1321.12
2019-02-19,1325.98,1341.86,1323,1340.8
2019-02-20,1340.8,1346.75,1337,1338.1
2019-02-21,1338.1,1341.52,1321.302,1323.4
2019-02-22,1323.4,1333.13,1321.697,1327.885
2019-02-25,1327.894,1332.6,1325.24,1327.16
2019-02-26,1327.235,1330.16,1323.68,1328.9
2019-02-27,1328.9,1329.88,1317.08,1319.7
2019-02-28,1319.55,1327.4,1312.74,1313
2019-03-01,1312.854,1315.23,1290.28,1293.055
2019-03-04,1293.18,1297.05,1282.97,1286.5
2019-03-05,1286.424,1289.61,1281.35,1287.8
2019-03-06,1287.8,1290.92,1283.74,1285.29
2019-03-07,1286.3,1289.01,1281.01,1285.125
2019-03-08,1285.4,1300.8,1285.37,1298.054
2019-03-11,1298.18,1299.13,1290.64,1293.2
2019-03-12,1293.3,1302.24,1292.18,1301.4
2019-03-13,1301.1,1311.3,1300.73,1308.8
2019-03-14,1309.12,1310.35,1292.93,1295.4
2019-03-15,1295.87,1306.38,1294.14,1301.96
2019-03-18,1300.9,1306.73,1298.34,1303.4
2019-03-19,1303.59,1310.91,1302.48,1306.2
2019-03-20,1306.14,1316.98,1298.8,1312.3
2019-03-21,1312.55,1320.41,1303.41,1309.3
2019-03-22,1309.28,1314.97,1306.97,1313.16
2019-03-25,1312.8,1324.52,1311.13,1321.7
2019-03-26,1321.45,1323.27,1312.85,1315.4
2019-03-27,1315.67,1319.3,1308.27,1309.5
2019-03-28,1309.34,1312.35,1288.67,1290
2019-03-29,1289.9,1299.82,1286.87,1291.91
2019-04-01,1292.4,1297.03,1286.55,1287.6
2019-04-02,1287.65,1292.7,1285.37,1292.3
2019-04-03,1292.24,1294.6,1288.53,1289.9
2019-04-04,1289.83,1294.5,1281.03,1292.1
2019-04-05,1292.27,1293.7,1284.566,1291.3
2019-04-08,1289.7,1303.7,1289.7,1297.3
2019-04-09,1297.43,1306.2,1296.73,1304
2019-04-10,1303.98,1310.6,1301.13,1308.2
2019-04-11,1308.122,1309.23,1289.76,1292
2019-04-12,1292.2,1295.8,1290.19,1290.52
2019-04-15,1290.65,1291.98,1282.66,1287.8
2019-04-16,1287.53,1288.74,1273.07,1276.5
2019-04-17,1276.65,1279.79,1273.1,1273.1
2019-04-18,1273.22,1277.68,1271.2,1275.51
2019-04-22,1275.49,1279.84,1273.95,1274.8
2019-04-23,1275.01,1276.51,1266.42,1272.3
2019-04-24,1272.33,1278.9,1268.92,1275.4
2019-04-25,1275.38,1282.9,1273.52,1277
2019-04-26,1276.976,1288.7,1274.47,1285.8
2019-04-29,1285.73,1287.04,1278.21,1279.7
2019-04-30,1279.77,1286.22,1279.77,1283.35
2019-05-01,1283.24,1287.26,1273.09,1276.8
2019-05-02,1276.856,1278.02,1266.39,1270.5
2019-05-03,1270.56,1282.56,1268.6,1278.9
2019-05-06,1278.71,1285.81,1277.15,1281
2019-05-07,1280.95,1286.1,1278.31,1284.1
2019-05-08,1284.07,1291.6,1279.47,1280.8
2019-05-09,1280.74,1288.4,1279.74,1284
2019-05-10,1283.96,1289.5,1283.27,1285.6
2019-05-13,1285.62,1301.4,1282.12,1299.7
2019-05-14,1299.77,1303.4,1293.85,1297.1
2019-05-15,1296.56,1300.9,1293.19,1296.3
2019-05-16,1296.83,1298.76,1284.22,1286.9
2019-05-17,1286.76,1288.93,1275,1277.1
2019-05-20,1277.58,1279.03,1273.78,1277.5
2019-05-21,1277.7,1277.95,1269.64,1274.3
2019-05-22,1274.51,1277.5,1272.63,1273.2
2019-05-23,1273.01,1287.3,1272.91,1283.2
2019-05-24,1283.25,1285.27,1280.88,1284.59
2019-05-28,1285.08,1286.59,1276.29,1279.2
2019-05-29,1279.42,1285.8,1279.21,1279.8
2019-05-30,1279.94,1289.3,1275.14,1288.3
2019-05-31,1288.33,1306.94,1288.13,1305.2
2019-06-03,1305.27,1328,1305.27,1324.72
2019-06-04,1324.72,1329.08,1320.11,1324.8
2019-06-05,1325.13,1344.08,1324.64,1329.7
2019-06-06,1330.88,1339.82,1327.3,1335.2
2019-06-07,1335.23,1348.207,1330.4,1340.3
2019-06-10,1340.61,1340.61,1325.23,1327.7
2019-06-11,1327.856,1329.87,1320.03,1326.69
2019-06-12,1326.71,1338.37,1326.184,1333.84
2019-06-13,1333.27,1343.15,1332.55,1341.96
2019-06-14,1342.3,1358.3,1337.97,1341.29
2019-06-17,1341.09,1343.59,1333.14,1339.776
2019-06-18,1339.67,1354.64,1338.78,1346.6
2019-06-19,1346.36,1362.54,1341.48,1360.24
2019-06-20,1360.386,1393.928,1357.8,1387.435
2019-06-21,1387.22,1411.83,1382.65,1398.6
2019-06-24,1398.8,1421.38,1398.8,1419.1
2019-06-25,1419.724,1439.14,1412.11,1423.594
2019-06-26,1423.61,1424.436,1402.085,1409.39
2019-06-27,1409.38,1412.12,1398.78,1409.71
2019-06-28,1409.82,1424.636,1405.86,1409.1
2019-07-01,1409.51,1409.51,1381.91,1383.77
2019-07-02,1383.83,1421.624,1383.1,1421.624
2019-07-03,1421.66,1437.7,1412.18,1418.75
2019-07-05,1415.583,1424.2,1386.752,1399.5
2019-07-08,1398.68,1407.65,1391.93,1395.08
2019-07-09,1394.97,1400.025,1385.91,1397.276
2019-07-10,1397.12,1418.97,1390.06,1418.46
2019-07-11,1418.656,1427.16,1401.03,1404.236
2019-07-12,1404.04,1417.1,1403.27,1415.3
2019-07-15,1415.16,1419.75,1407.86,1414.385
2019-07-16,1414.49,1418.23,1400.97,1406.156
2019-07-17,1406.16,1426.78,1400.2,1426.356
2019-07-18,1426.556,1448.2,1414.7,1446.936
2019-07-19,1446.9,1452.95,1420.35,1425.38
2019-07-22,1425.12,1430.02,1422.37,1425.238
2019-07-23,1424.66,1430.23,1414.34,1417.846
2019-07-24,1417.846,1429.52,1416.52,1425.81
2019-07-25,1425.43,1433.798,1411.17,1414.13
2019-07-26,1414.31,1424.84,1413.58,1418.2
2019-07-29,1418.15,1428.13,1414.97,1426.6
2019-07-30,1426.485,1433.216,1422.43,1431.08
2019-07-31,1430.89,1434.35,1410.8,1412.3
2019-08-01,1412.765,1446.01,1400.654,1445.2
2019-08-02,1445.165,1449.3,1430.45,1440.59
2019-08-05,1440.65,1469.77,1436.93,1463
2019-08-06,1468.347,1474.92,1456.57,1474.17
2019-08-07,1474.322,1510.43,1472.41,1500.336
2019-08-08,1500.1,1509.6,1490.2,1505.512
2019-08-09,1504.632,1509.4,1494.957,1497.18
2019-08-12,1497.18,1520,1487.56,1510.982
2019-08-13,1510.916,1535.03,1480,1501.936
2019-08-14,1501.916,1524.1,1494.2,1516.596
2019-08-15,1516.597,1527.06,1508.04,1523.046
2019-08-16,1523.31,1528,1503.87,1513.26
2019-08-19,1513.26,1513.26,1493.39,1496.085
2019-08-20,1495.944,1508.7,1493.181,1507.858
2019-08-21,1507.53,1508.06,1496.65,1502.324
2019-08-22,1502.348,1504.58,1492.63,1498.836
2019-08-23,1498.358,1530.222,1493.66,1526.74
2019-08-26,1526.74,1555.33,1525.15,1527.205
2019-08-27,1527.265,1544.68,1525.83,1541.945
2019-08-28,1542.048,1546.9,1532.1,1539.625
2019-08-29,1539.377,1550.38,1519.875,1527.748
2019-08-30,1527.748,1533.15,1517.15,1520.34
2019-09-03,1529.335,1549.73,1521.818,1546.79
2019-09-04,1546.855,1557.1,1534.01,1551.957
2019-09-05,1552.01,1553.03,1506.54,1518.8
2019-09-06,1517.201,1527.9,1502.74,1506.616
2019-09-09,1507.21,1515.6,1497.76,1499
2019-09-10,1498.842,1501.02,1484.63,1485.698
2019-09-11,1485.62,1498.24,1485.39,1497.288
2019-09-12,1497.288,1524.24,1489.39,1498.708
2019-09-13,1498.748,1509.04,1485.91,1488.58
2019-09-16,1488.75,1512.14,1488.75,1498.62
2019-09-17,1498.604,1507.08,1493.62,1501.32
2019-09-18,1501.16,1511.57,1483.36,1494.088
2019-09-19,1493.885,1504.6,1489.125,1499.168
2019-09-20,1499.078,1517.05,1498.09,1516.777
2019-09-23,1516.23,1526.83,1511.69,1522.076
2019-09-24,1522.09,1535.69,1515.77,1532.012
2019-09-25,1531.375,1535.14,1500.55,1503.868
2019-09-26,1503.868,1512.4,1500.59,1504.67
2019-09-27,1504.4,1507.42,1487.098,1496.78
2019-09-30,1496.78,1500.53,1464.645,1472.16
2019-10-01,1472.204,1487.3,1459.23,1479.1
2019-10-02,1478.745,1505.1,1474.67,1499.52
2019-10-03,1499.478,1519.7,1495.978,1505.476
2019-10-04,1505.478,1515.658,1495.978,1504.65
2019-10-07,1504.65,1512.512,1488.2,1493.218
2019-10-08,1493.415,1509.739,1487.12,1505.624
2019-10-09,1505.618,1512.4,1500.03,1505.362
2019-10-10,1505.382,1517.008,1491.29,1493.692
2019-10-11,1493.885,1503.3,1474.2,1488.67
2019-10-14,1488.67,1497.15,1483.04,1493.33
2019-10-15,1493.098,1498.46,1477.35,1480.858
2019-10-16,1481.038,1491.8,1477.2,1490.1
2019-10-17,1490.219,1497.4,1483.59,1491.756
2019-10-18,1491.718,1494.09,1485.05,1490.115
2019-10-21,1489.92,1495.208,1481.72,1484.688
2019-10-22,1484.738,1489,1480.98,1487.688
2019-10-23,1487.804,1496.268,1487.804,1491.632
2019-10-24,1491.76,1504.1,1488.155,1503.576
2019-10-25,1503.476,1517.948,1500.7,1504.398
2019-10-28,1504.45,1508.188,1490.18,1492.298
2019-10-29,1492.338,1494.758,1483.75,1488.015
2019-10-30,1487.888,1496.598,1481.365,1495.598
2019-10-31,1495.638,1514.3,1493.97,1512.564
2019-11-01,1512.724,1516.05,1503.465,1514.017
2019-11-04,1513.73,1514.788,1504.55,1509.6
2019-11-05,1509.6,1509.638,1479.55,1483.3
2019-11-06,1483.4,1494.3,1482.56,1490.4
2019-11-07,1490.4,1492.165,1460.799,1468.3
2019-11-08,1468.3,1472.948,1456.419,1458.796
2019-11-11,1458.9,1466.418,1448.4,1455.6
2019-11-12,1455.6,1460.5,1445.817,1456.3
2019-11-13,1456.3,1467.1,1455.918,1463.5
2019-11-14,1463.5,1474.6,1461.298,1471.12
2019-11-15,1471.3,1471.34,1462.605,1467.918
2019-11-18,1467.56,1473.95,1456.525,1471.2
2019-11-19,1471.2,1475.4,1464.965,1472.3
2019-11-20,1472.3,1478.8,1466.132,1471.5
2019-11-21,1471.5,1475.65,1462.53,1464.225
2019-11-22,1464.1,1473.2,1461.49,1461.903
2019-11-25,1461.88,1462.108,1454.212,1455.2
2019-11-26,1455.2,1462.9,1450.192,1461.2
2019-11-27,1461.2,1461.864,1452.74,1454.3
2019-11-29,1455.378,1466.528,1453.192,1463.6
2019-12-02,1464.02,1465.53,1454,1462.2
2019-12-03,1462.3,1481.738,1460.005,1477.3
2019-12-04,1477.3,1484.1,1471.62,1474.4
2019-12-05,1474.4,1480.34,1473.081,1475.8
2019-12-06,1475.8,1479.9,1458.85,1460.028
2019-12-09,1459.82,1465.357,1458.9,1461.438
2019-12-10,1461.5,1469.145,1460.2,1464.188
2019-12-11,1464.3,1478.86,1462.915,1474.5
2019-12-12,1474.6,1487,1464.172,1469.6
2019-12-13,1469.6,1478,1462.112,1475.668
2019-12-16,1475.54,1479.9,1473.33,1475.958
2019-12-17,1476,1480.5,1474.35,1476.118
2019-12-18,1475.9,1479.256,1470.632,1475.2
2019-12-19,1475.3,1481.668,1473.39,1478.6
2019-12-20,1478.7,1480.928,1476,1477.968
2019-12-23,1477.79,1486.2,1477.63,1485.54
2019-12-24,1485.9,1500.5,1484.574,1499.3
2019-12-26,1499.468,1512.6,1497.642,1511.3
2019-12-27,1511.3,1515.277,1507.533,1510.81
2019-12-30,1510.81,1516.1,1510.81,1514.9
2019-12-31,1514.9,1525.28,1514.9,1517.177
2020-01-02,1517.7,1531.335,1517.2,1528.9
2020-01-03,1528.9,1553.515,1528.15,1552.108
2020-01-06,1551.8,1587.93,1551.8,1565.4
2020-01-07,1565.4,1577.4,1555.3,1574.11
2020-01-08,1574.3,1611.335,1552.39,1556.1
2020-01-09,1556.1,1561.4,1540.422,1552.2
2020-01-10,1552.2,1563.088,1545.89,1562.077
2020-01-13,1561.99,1561.99,1546.659,1547.5
2020-01-14,1547.5,1548.87,1536.11,1546.3
2020-01-15,1546.3,1558.148,1546.21,1556.128
2020-01-16,1556,1558.09,1548.157,1552.3
2020-01-17,1552.4,1561.23,1549.529,1557.168
2020-01-21,1560.791,1568.6,1546.47,1557.9
2020-01-22,1557.9,1559.22,1550.359,1558.6
2020-01-23,1558.6,1567.897,1552.052,1562.788
2020-01-24,1562.7,1575.805,1556.685,1571.448
2020-01-27,1571.28,1588.7,1571.28,1581.8
2020-01-28,1581.8,1583.007,1565.785,1567
2020-01-29,1567.04,1578.1,1563.555,1576.9
2020-01-30,1577,1585.937,1572.473,1573.9
2020-01-31,1573.9,1590.17,1570.9,1589.687
2020-02-03,1593.065,1593.9,1569.982,1576.677
2020-02-04,1576.5,1579.567,1549.235,1552.796
2020-02-05,1552.8,1562.368,1547.674,1555.91
2020-02-06,1555.9,1568.214,1552.665,1566.6
2020-02-07,1566.6,1574.1,1560.7,1570.137
2020-02-10,1570.08,1576.981,1568.13,1571.9
2020-02-11,1571.9,1574.1,1562.24,1567.8
2020-02-12,1567.3,1570.42,1561.91,1565.8
2020-02-13,1565.8,1578.3,1565.6,1575.91
2020-02-14,1575.5,1584.948,1573.23,1583.597
2020-02-18,1584.374,1605.16,1582.615,1601.397
2020-02-19,1601.4,1612.93,1599.65,1611.347
2020-02-20,1611.5,1623.74,1604.058,1619.5
2020-02-21,1619.3,1649.262,1619.11,1643.147
2020-02-24,1643,1689.296,1643,1659.156
2020-02-25,1659.2,1663.91,1625.262,1634.83
2020-02-26,1634.5,1655.1,1625.085,1640.7
2020-02-27,1640.5,1660.368,1635.452,1644.687
2020-02-28,1644.6,1649.456,1563.12,1585.634
2020-03-02,1585.4,1610.988,1575.632,1588.6
2020-03-03,1588.6,1649.33,1585.3,1640.6
2020-03-04,1640.5,1652.81,1632.03,1636.637
2020-03-05,1636.5,1674.6,1635.205,1671.837
2020-03-06,1672,1692.2,1642.4,1673.527
2020-03-09,1673.3,1703.6,1657.74,1679.808
2020-03-10,1679.207,1680.6,1641.729,1649.205
2020-03-11,1649.456,1671.4,1633.15,1633.818
2020-03-12,1633.815,1650.364,1560.899,1576
2020-03-13,1579.157,1597.907,1505.032,1529.708
2020-03-16,1562.157,1575.48,1451.414,1514.2
2020-03-17,1511.528,1554,1465.93,1527.728
2020-03-18,1527.728,1546.27,1472.99,1486.1
2020-03-19,1485.918,1501.2,1464.372,1470.9
2020-03-20,1469.208,1516.5,1455.4,1498.7
2020-03-23,1498.47,1561.3,1482.93,1554.238
2020-03-24,1554.297,1635.3,1553.552,1622.22
2020-03-25,1623.71,1643.1,1597.2,1613.778
2020-03-26,1613.548,1645.5,1594.7,1629.2
2020-03-27,1631.668,1635.5,1609.9,1626.148
2020-03-30,1637.377,1637.487,1610.1,1622.5
2020-03-31,1621.935,1626.55,1573.8,1575.007
2020-04-01,1574.737,1601.7,1567.8,1588.428
2020-04-02,1588.638,1620.8,1582.2,1612.817
2020-04-03,1612.847,1626.8,1606,1616.4
2020-04-06,1616.4,1669.84,1609.11,1660.7
2020-04-07,1662.3,1678.6,1641.2,1646.08
2020-04-08,1645.99,1657.5,1640.8,1644
2020-04-09,1644,1690.33,1643,1681.8
2020-04-13,1663,1724.2,1663,1712.45
2020-04-14,1712.45,1747.742,1707.1,1728.8
2020-04-15,1727.986,1732.6,1707.5,1716.06
2020-04-16,1716.98,1739.3,1706.5,1716.969
2020-04-17,1716.558,1720.6,1678.8,1681.631
2020-04-20,1683.2,1702.724,1672.02,1694.56
2020-04-21,1694.304,1698.1,1658.1,1686.295
2020-04-22,1686.218,1718.7,1678.6,1713.6
2020-04-23,1712.74,1739.1,1706.2,1729.5
2020-04-24,1730.028,1736.31,1710.62,1727.4
2020-04-27,1727.53,1728.6,1706.37,1710.9
2020-04-28,1713.408,1716.52,1692.31,1707.19
2020-04-29,1707.68,1717.95,1698.16,1710.2
2020-04-30,1711.598,1721.94,1681.36,1685.125
2020-05-01,1685.855,1705.87,1670.43,1698.215
2020-05-04,1685.1,1714.75,1685.1,1701.7
2020-05-05,1700.968,1712.17,1690.02,1704.575
2020-05-06,1704.596,1708.2,1682.264,1685.5
2020-05-07,1681.488,1722.69,1681.488,1715.15
2020-05-08,1715.078,1723.54,1700.43,1700.6
2020-05-11,1702.2,1712.094,1692.255,1695.77
2020-05-12,1696.184,1711.03,1693.6,1701.81
2020-05-13,1701.809,1718.116,1699.08,1715.21
2020-05-14,1715.21,1736.57,1711.3,1730.86
2020-05-15,1730.89,1751.718,1728.835,1741
2020-05-18,1741.5,1765.3,1727.5,1730.23
2020-05-19,1730.448,1747.921,1726.124,1744.7
2020-05-20,1744.75,1754.07,1742.6,1747.155
2020-05-21,1747.254,1748.95,1717.1,1726.24
2020-05-22,1726.27,1740.11,1724.41,1734.3
2020-05-26,1728.64,1735.73,1709.042,1710.2
2020-05-27,1709.924,1715.991,1693.923,1709
2020-05-28,1711.8,1727.71,1705.85,1717.9
2020-05-29,1719.47,1737.773,1712.6,1729.326
2020-06-01,1731.2,1744.58,1727.503,1739.2
2020-06-02,1738.608,1745.59,1721.6,1724.798
2020-06-03,1724.799,1732.08,1689.12,1698.716
2020-06-04,1698.676,1722.01,1696.93,1713.6
2020-06-05,1713.104,1716.54,1670.88,1681.6
2020-06-08,1681.6,1700.69,1677.7,1697.268
2020-06-09,1697.045,1720.92,1692.41,1712.788
2020-06-10,1712.888,1739.9,1708.3,1737.356
2020-06-11,1737.278,1744.77,1721.69,1727.96
2020-06-12,1728.17,1743.13,1722.3,1729.649
2020-06-15,1731.56,1735.75,1704.3,1724.558
2020-06-16,1724.575,1732.86,1716.82,1725.796
2020-06-17,1725.95,1730.24,1713.064,1724.23
2020-06-18,1725.656,1737.728,1717.43,1721.696
2020-06-19,1721.696,1745.3,1721.1,1743.126
2020-06-22,1741.9,1763.53,1741.9,1754.006
2020-06-23,1754.006,1771.06,1747.45,1767.408
2020-06-24,1767.408,1779.38,1760.208,1760.208
2020-06-25,1760.188,1768.89,1754.802,1763.378
2020-06-26,1763.566,1772.09,1747.562,1770.454
2020-06-29,1770.68,1775.96,1765.82,1771.43
2020-06-30,1771,1786.02,1764.8,1781.858
2020-07-01,1781.93,1789.15,1759.48,1769.515
2020-07-02,1769.004,1779.62,1757.87,1775.266
2020-07-06,1784.5,1787.12,1756,1782.839
2020-07-07,1783.118,1797.53,1773.884,1794.795
2020-07-08,1794.755,1818.14,1791.64,1808.575
2020-07-09,1808.594,1815.92,1795.822,1803.1
2020-07-10,1801.436,1810.661,1793.89,1798.84
2020-07-13,1798.3,1813.44,1798.23,1802.628
2020-07-14,1802.766,1810.99,1790.6,1808.206
2020-07-15,1808.206,1815.06,1802.65,1808
2020-07-16,1809.918,1813.42,1795.08,1796.734
2020-07-17,1796.754,1811.93,1796,1808.9
2020-07-20,1808.9,1820.521,1805.96,1817.568
2020-07-21,1817.58,1843.59,1815.89,1840.9
2020-07-22,1840.6,1872.18,1837.7,1872.094
2020-07-23,1872.094,1898.35,1863.805,1886.394
2020-07-24,1886.505,1906.88,1881.7,1900.6
2020-07-27,1900.6,1945.63,1900.23,1941.61
2020-07-28,1941.61,1981.2,1907.2,1957.73
2020-07-29,1958.43,1980.835,1941.66,1970.358
2020-07-30,1970.358,1971.544,1939.56,1955.904
2020-07-31,1955.934,1984.218,1955.19,1974.9
2020-08-03,1974.9,1987.948,1960.6,1976.344
2020-08-04,1976.34,2020.17,1967.016,2018.1
2020-08-05,2018.98,2055.713,2009.69,2038.204
2020-08-06,2038.253,2069.77,2034.7,2063.564
2020-08-07,2063.468,2075.135,2015.6,2034.9
2020-08-10,2034.9,2049.9,2019.2,2027.448
2020-08-11,2027.416,2029.984,1901.775,1911.444
2020-08-12,1911.424,1949.548,1863.266,1915.525
2020-08-13,1918.23,1966.264,1912.9,1952.578
2020-08-14,1952.634,1962.27,1932.38,1943.61
2020-08-17,1944.32,1990.69,1929.88,1985
2020-08-18,1984.284,2015.654,1976.29,2001.928
2020-08-19,2002.074,2006.504,1924.9,1928.82
2020-08-20,1929.013,1955.324,1924.826,1946.925
2020-08-21,1946.835,1955.95,1911.7,1939.647
2020-08-24,1939.2,1962.18,1923.95,1928.794
2020-08-25,1928.718,1937.52,1914.493,1930.184
2020-08-26,1930.008,1954.8,1902.91,1954.688
2020-08-27,1954.594,1976.65,1910.233,1929.2
2020-08-28,1929.531,1973.824,1923.31,1964.5
2020-08-31,1964.31,1976.62,1954.5,1967.244
2020-09-01,1967.054,1992.63,1963.14,1969.164
2020-09-02,1969.258,1973.33,1932.79,1942.405
2020-09-03,1942.77,1951.03,1922.14,1930.3
2020-09-04,1931.269,1950.4,1916.535,1932.8
2020-09-08,1929.314,1940.86,1906.8,1931.919
2020-09-09,1932.017,1950.88,1920.21,1946.246
2020-09-10,1946.324,1966.53,1941.485,1944.748
2020-09-11,1945.31,1954.72,1937.39,1939.4
2020-09-14,1939.4,1962.54,1937.379,1956.748
2020-09-15,1956.728,1972.16,1948.47,1952.948
2020-09-16,1952.944,1973.594,1950,1959.004
2020-09-17,1958.938,1960.914,1932.91,1943.954
2020-09-18,1943.808,1960.14,1943.808,1950.3
2020-09-21,1949.55,1955.92,1882.582,1912.327
2020-09-22,1912.357,1920.02,1894.8,1899.744
2020-09-23,1899.678,1905.88,1855.92,1862.757
2020-09-24,1863.043,1877.03,1848.84,1867.307
2020-09-25,1867.514,1875.17,1852.54,1860
2020-09-28,1860,1883.03,1848.662,1880.908
2020-09-29,1880.895,1899.13,1875.7,1898.188
2020-09-30,1898.098,1902.32,1881.36,1885.328
2020-10-01,1885.325,1912.14,1884.82,1905.128
2020-10-02,1905.264,1917.1,1889.91,1898.7
2020-10-05,1898.7,1918.754,1887.176,1912.668
2020-10-06,1912.99,1921.14,1874.9,1878.465
2020-10-07,1878.465,1898,1873.05,1887.044
2020-10-08,1887.144,1900.69,1882.05,1893.678
2020-10-09,1893.61,1930.42,1893.61,1929.4
2020-10-12,1929.4,1933.28,1918.25,1922.614
2020-10-13,1922.613,1925.6,1886.608,1891.318
2020-10-14,1891.345,1912.97,1882.6,1901.638
2020-10-15,1901.62,1909.06,1889.74,1908.394
2020-10-16,1908.414,1913.925,1897.84,1898.594
2020-10-19,1898.4,1918.61,1897.216,1903.548
2020-10-20,1903.705,1914.11,1894.75,1908.028
2020-10-21,1908.079,1931.42,1908.079,1924
2020-10-22,1923.734,1926.05,1894.55,1903.654
2020-10-23,1903.638,1914.24,1894.44,1901.174
2020-10-26,1906.6,1908.63,1891.54,1901.454
2020-10-27,1901.658,1911.43,1898,1907.915
2020-10-28,1907.925,1910.9,1869.54,1876.56
2020-10-29,1876.407,1885.03,1860,1867.36
2020-10-30,1867.38,1889.8,1864.49,1877.9
2020-11-02,1877.9,1896.001,1873.6,1894.185
2020-11-03,1894.888,1910.58,1887.19,1908.828
2020-11-04,1908.5,1916.374,1882.21,1902.288
2020-11-05,1903.2,1952.77,1902.54,1949.238
2020-11-06,1948.3,1960.33,1935.729,1950.984
2020-11-09,1963,1965.55,1850.62,1862.078
2020-11-10,1860.6,1890.41,1860.59,1877.14
2020-11-11,1876.4,1884.45,1856.475,1865.225
2020-11-12,1864.7,1883.805,1862.88,1876.588
2020-11-13,1876.1,1896.81,1874.1,1888.825
2020-11-16,1889.4,1899.05,1864.71,1888.194
2020-11-17,1887.7,1893.6,1877.01,1879.245
2020-11-18,1878.5,1884.85,1864.01,1872.16
2020-11-19,1871.8,1874.07,1852.86,1865.355
2020-11-20,1865.808,1879.89,1861.01,1870.318
2020-11-23,1869.1,1876.16,1831.1,1836.855
2020-11-24,1836.85,1839.05,1800.4,1806.794
2020-11-25,1807.2,1817.69,1801.864,1807.2
2020-11-27,1810.795,1813.775,1774.35,1787.5
2020-11-30,1786.61,1800.7,1764.73,1776.7
2020-12-01,1776,1817.38,1775.9,1814.788
2020-12-02,1813.8,1832.57,1807.59,1829.9
2020-12-03,1829.9,1843.93,1823.83,1840.295
2020-12-04,1840.7,1848.21,1829.32,1838.208
2020-12-07,1838.5,1868.535,1822.5,1862.3
2020-12-08,1860.9,1875.28,1860.4,1869.45
2020-12-09,1870.1,1870.96,1825.51,1838.89
2020-12-10,1838.8,1850.02,1828.8,1836.378
2020-12-11,1835.94,1847.75,1824.138,1838.998
2020-12-14,1837.5,1855.6,1819.162,1827.33
2020-12-15,1826.9,1855.41,1825.66,1852.26
2020-12-16,1852.775,1865.71,1844.97,1863.56
2020-12-17,1864.2,1896.29,1862.2,1884.72
2020-12-18,1884.6,1889.87,1877.57,1880.838
2020-12-21,1881.4,1906.74,1855.344,1876.435
2020-12-22,1876.5,1884.238,1858.98,1860.2
2020-12-23,1859.9,1878.5,1857.23,1872.69
2020-12-24,1871.3,1883.495,1869.69,1878.97
2020-12-28,1879.19,1900.185,1869.47,1873.22
2020-12-29,1873.1,1886.49,1871.88,1878.078
2020-12-30,1877.9,1894.1,1876.3,1894.1
2020-12-31,1894.1,1900.99,1885.6,1897.9
2021-01-04,1898.07,1944.45,1898.07,1942.07
2021-01-05,1942.07,1953.06,1934.5,1949.75
2021-01-06,1949.6,1959.33,1901.006,1918.05
2021-01-07,1918.3,1927.69,1906.79,1913.19
2021-01-08,1913.5,1917.473,1828.415,1848.445
2021-01-11,1847.8,1856.73,1817.125,1842.9
2021-01-12,1842.9,1863.86,1836.83,1854.4
2021-01-13,1854,1863.055,1842.01,1844.78
2021-01-14,1844.9,1857.62,1829.248,1845.51
2021-01-15,1845.3,1857,1823.41,1827.635
2021-01-19,1837.588,1845.57,1833.2,1839.9
2021-01-20,1839.8,1871.79,1832.61,1871.344
2021-01-21,1870.5,1875.11,1858.5,1869.235
2021-01-22,1868.6,1870.85,1837.5,1854.8
2021-01-25,1854.8,1867.895,1847.275,1855.5
2021-01-26,1854.9,1861.76,1848.57,1850.207
2021-01-27,1850.665,1853.15,1831.52,1841.37
2021-01-28,1843.9,1864.11,1834.175,1841.91
2021-01-29,1841.9,1875.61,1839.7,1846.715
2021-02-01,1846.69,1871.81,1846.69,1860.4
2021-02-02,1859,1864.13,1829.69,1837.265
2021-02-03,1837.9,1845,1829.831,1833.6
2021-02-04,1832.8,1834.77,1785.129,1793.96
2021-02-05,1793,1815.115,1792.26,1812.98
2021-02-08,1812.98,1839.11,1807.95,1830.3
2021-02-09,1830.3,1848.57,1829,1838.16
2021-02-10,1837.9,1855.38,1834.2,1842.495
2021-02-11,1842.7,1847.54,1821.29,1825.1
2021-02-12,1825.2,1830.76,1810.66,1823.13
2021-02-16,1817.46,1826.46,1789.62,1794.546
2021-02-17,1794.89,1795.16,1769.65,1776.22
2021-02-18,1775.8,1789.63,1768.586,1775.186
2021-02-19,1775.4,1791.59,1760.822,1783.346
2021-02-22,1783.89,1812.64,1780.88,1808.986
2021-02-23,1809,1816.04,1795.77,1805.3
2021-02-24,1804.6,1813.91,1783.55,1804.586
2021-02-25,1803.97,1805.57,1765.53,1769.994
2021-02-26,1768.9,1775.81,1717.344,1732.526
2021-03-01,1734.29,1759.846,1719.66,1724.6
2021-03-02,1724.6,1738.589,1707.4,1737.736
2021-03-03,1737,1740.54,1702.134,1710.8
2021-03-04,1709.3,1723.22,1690.63,1697.138
2021-03-05,1697.1,1707.669,1687.464,1698.636
2021-03-08,1700.7,1714.23,1676.91,1683.335
2021-03-09,1683.5,1720.604,1680.3,1715.36
2021-03-10,1715.36,1726.53,1708.35,1726.416
2021-03-11,1726.3,1739.86,1719.4,1722.188
2021-03-12,1722.1,1728.04,1699.39,1726.958
2021-03-15,1726.76,1734.57,1721.72,1731.469
2021-03-16,1731.586,1741.147,1726.326,1731.276
2021-03-17,1731.4,1751.63,1724.17,1744.48
2021-03-18,1744.48,1755.5,1719.4,1735.67
2021-03-19,1735.126,1746.87,1728.694,1744.858
2021-03-22,1748.6,1748.6,1727.4,1738.686
2021-03-23,1738.749,1742.54,1724.8,1726.428
2021-03-24,1727.129,1738.47,1724.005,1734.3
2021-03-25,1733.05,1745.49,1721.86,1726.829
2021-03-26,1726.728,1736.75,1721.71,1730.9
2021-03-29,1732.1,1733.12,1705.86,1712
2021-03-30,1711.71,1714.39,1678.61,1684.83
2021-03-31,1684.95,1715.28,1678.01,1707.47
2021-04-01,1707.52,1730.52,1705.92,1728.33
2021-04-05,1734.82,1734.82,1721.39,1727.795
2021-04-06,1727.879,1745.44,1727.36,1742.76
2021-04-07,1742.79,1744.296,1730.8,1737.6
2021-04-08,1737.51,1758.66,1733.3,1755.41
2021-04-09,1755.289,1757.306,1731.15,1744.2
2021-04-12,1744.2,1745.082,1727.49,1731.9
2021-04-13,1732.296,1748.928,1723.86,1745.408
2021-04-14,1745.336,1749.41,1732.68,1736.029
2021-04-15,1736.106,1769.8,1734.45,1763.474
2021-04-16,1763.455,1783.85,1759.84,1775.85
2021-04-19,1775.85,1790.05,1766.83,1770.15
2021-04-20,1769.845,1780.426,1763.74,1778.56
2021-04-21,1778.418,1797.63,1776.38,1794
2021-04-22,1794,1797.83,1777.51,1783.559
2021-04-23,1783.118,1795.94,1770.09,1777.1
2021-04-26,1776.87,1783.5,1768.88,1780.879
2021-04-27,1780.827,1785.56,1773.85,1776.186
2021-04-28,1776.518,1782.55,1762.75,1781.606
2021-04-29,1781.46,1789.95,1756.24,1771.8
2021-04-30,1772.267,1773.71,1764.31,1768.76
2021-05-03,1768.76,1798.34,1766.29,1792.438
2021-05-04,1792.588,1799.14,1771,1778.397
2021-05-05,1778.66,1787.99,1770.45,1786.4
2021-05-06,1786.486,1818.12,1782.1,1814.368
2021-05-07,1814.558,1843.31,1812.966,1831.12
2021-05-10,1831.12,1845.438,1830.09,1835.3
2021-05-11,1835.258,1841.82,1818.11,1837.045
2021-05-12,1837.11,1843.68,1813.35,1815.307
2021-05-13,1815.48,1828.81,1808.84,1826.186
2021-05-14,1825.934,1846.09,1819.923,1842.1
2021-05-17,1822.6,1868.5,1822.6,1866.378
2021-05-18,1866.358,1875.04,1863.32,1869.325
2021-05-19,1869.375,1890.11,1852.32,1869.497
2021-05-20,1869.537,1883.88,1864,1877.54
2021-05-21,1877.324,1889.42,1870.3,1880.3
2021-05-24,1881.18,1887.11,1875.34,1880
2021-05-25,1879.715,1900.35,1872.8,1898.358
2021-05-26,1898.754,1912.74,1890.45,1895.7
2021-05-27,1896.19,1903.69,1888.29,1896.76
2021-05-28,1896.794,1905.872,1882.36,1902.6
2021-06-01,1907.417,1916.53,1892.5,1900.27
2021-06-02,1898.957,1909.09,1894.52,1908.01
2021-06-03,1908.01,1909.69,1865.32,1870.754
2021-06-04,1870.753,1896.2,1856.146,1889.9
2021-06-07,1891.33,1900.15,1881.65,1898.745
2021-06-08,1898.51,1903.76,1883.9,1891.8
2021-06-09,1891.43,1898.917,1887.37,1888.4
2021-06-10,1888.534,1899.86,1869.95,1898.3
2021-06-11,1898.53,1902.99,1874.5,1876.6
2021-06-14,1877.2,1877.89,1844.8,1866.034
2021-06-15,1865.81,1869.18,1851.74,1859
2021-06-16,1859.098,1863.17,1803.68,1811.6
2021-06-17,1811.57,1825.262,1767.34,1772.57
2021-06-18,1773.29,1797.21,1761.038,1763.3
2021-06-21,1764.12,1786.52,1764.12,1782.748
2021-06-22,1782.53,1790.09,1772.48,1777.98
2021-06-23,1778.04,1795.02,1773.39,1777.75
2021-06-24,1778.058,1788.01,1772.95,1775.224
2021-06-25,1775.224,1790.37,1773.8,1780.3
2021-06-28,1780.94,1785.755,1770.87,1778.05
2021-06-29,1778.05,1778.96,1750.78,1760.92
2021-06-30,1761.31,1774.37,1753.48,1769.97
2021-07-01,1769.406,1783.01,1765.78,1776.12
2021-07-02,1776.084,1795.13,1774.43,1787.3
2021-07-06,1791.139,1815.05,1790.17,1796.308
2021-07-07,1795.81,1809.81,1794.05,1803.687
2021-07-08,1803.648,1818.4,1794.45,1802.148
2021-07-09,1802.075,1812.4,1796.76,1807.9
2021-07-12,1808.19,1810.87,1791.68,1805.75
2021-07-13,1805.75,1817.17,1798.75,1807.908
2021-07-14,1807.45,1829.86,1804.68,1826.91
2021-07-15,1826.91,1834.14,1820.41,1829
2021-07-16,1828.68,1832.04,1807.8,1810.8
2021-07-19,1810.998,1817.36,1794,1812
2021-07-20,1812.354,1825.02,1805.18,1809.81
2021-07-21,1809.31,1813.73,1794.81,1803.16
2021-07-22,1803.17,1808.39,1792.87,1806.708
2021-07-23,1806.958,1810.37,1789.8,1801.3
2021-07-26,1802.05,1811.53,1796.44,1796.99
2021-07-27,1797.106,1805.3,1793.7,1798.38
2021-07-28,1798.33,1809.83,1792.68,1806.51
2021-07-29,1806.15,1832.68,1806.15,1827.51
2021-07-30,1827.92,1831.37,1810.39,1814.15
2021-08-02,1814.15,1819.53,1805.9,1812.826
2021-08-03,1812.84,1815.03,1807.23,1810.22
2021-08-04,1810.26,1831.72,1806.568,1811.3
2021-08-05,1810.996,1814.91,1797.94,1803.62
2021-08-06,1804.42,1804.85,1758.79,1762.6
2021-08-09,1762.62,1764.61,1681.95,1729.633
2021-08-10,1729.69,1738.28,1717.89,1728.836
2021-08-11,1729.13,1754.44,1724.19,1750.015
2021-08-12,1750.94,1758.14,1741.72,1752.278
2021-08-13,1752.66,1780.25,1751.8,1779.218
2021-08-16,1779.39,1789.28,1770.97,1787.368
2021-08-17,1787.28,1795.58,1780.69,1785.88
2021-08-18,1786.018,1793.81,1777.36,1787.528
2021-08-19,1787.586,1792.46,1774.59,1779.823
2021-08-20,1779.893,1788.43,1778.47,1780.66
2021-08-23,1791.8,1806.44,1776.6,1805.138
2021-08-24,1805.124,1809.6,1800.86,1802.7
2021-08-25,1802,1803.15,1782.65,1790.134
2021-08-26,1790.68,1798.21,1780.16,1792.38
2021-08-27,1792.07,1819.27,1784.58,1816.52
2021-08-30,1816.86,1823.2,1807.85,1809.448
2021-08-31,1809.2,1819.21,1801.77,1813.296
2021-09-01,1813.295,1820.03,1808.77,1813.264
2021-09-02,1813.71,1817.13,1804.95,1808.645
2021-09-03,1808.16,1834.01,1808.16,1826.1
2021-09-07,1823.058,1827.33,1792.4,1794.01
2021-09-08,1794.15,1802.16,1782.531,1788.6
2021-09-09,1788.11,1801.03,1783.95,1794.35
2021-09-10,1793.798,1803.91,1787.28,1787.52
2021-09-13,1788.2,1798.53,1783.9,1793.046
2021-09-14,1793.074,1808.74,1780.9,1804.1
2021-09-15,1803.93,1806.89,1790.83,1794
2021-09-16,1794.146,1796.2,1745.44,1753.523
2021-09-17,1753.523,1767.48,1747.5,1753.4
2021-09-20,1754.03,1767.14,1742.29,1764
2021-09-21,1764.51,1781.73,1758.07,1773.828
2021-09-22,1773.9,1787.24,1764.8,1768.25
2021-09-23,1768.308,1776.543,1737.99,1742.84
2021-09-24,1742.839,1757.608,1740.55,1749.976
2021-09-27,1750.18,1760.83,1744.95,1749.86
2021-09-28,1749.83,1754.44,1728.2,1733.798
2021-09-29,1734.006,1745.6,1721.71,1725.766
2021-09-30,1725.716,1764.18,1722.36,1756.388
2021-10-01,1756.495,1764.29,1749.809,1760.65
2021-10-04,1759.5,1770.55,1747.8,1769.65
2021-10-05,1769.806,1770.046,1748.73,1759.495
2021-10-06,1759.675,1765.11,1746,1762.565
2021-10-07,1762.69,1766.96,1752.09,1756.276
2021-10-08,1756.256,1781.3,1753.49,1756.63
2021-10-11,1755.6,1760.97,1750.25,1753.409
2021-10-12,1753.45,1769.32,1750.9,1759.686
2021-10-13,1759.975,1796.12,1758.06,1792.568
2021-10-14,1792.61,1800.5,1786.8,1795.29
2021-10-15,1795.767,1796.47,1764.97,1766.453
2021-10-18,1766.5,1772.11,1760.4,1764.5
2021-10-19,1763.908,1785.11,1763,1769.568
2021-10-20,1768.579,1788.41,1766.998,1781.39
2021-10-21,1781.49,1789.5,1776.6,1782.248
2021-10-22,1782.375,1813.94,1782.375,1792.28
2021-10-25,1791.52,1810.03,1791.52,1807.43
2021-10-26,1807.198,1808.33,1782.5,1792.706
2021-10-27,1792.895,1799.12,1783.58,1796.06
2021-10-28,1796.06,1810.43,1792.42,1799.118
2021-10-29,1798.986,1801.11,1772.07,1782.763
2021-11-01,1779.8,1795.82,1779.23,1793.113
2021-11-02,1793.113,1796.42,1786.5,1787.863
2021-11-03,1787.75,1788.235,1758.93,1768.734
2021-11-04,1768.799,1798.95,1768.799,1790.63
2021-11-05,1790.308,1818.275,1785.3,1816.7
2021-11-08,1816.7,1826.435,1812.54,1823.6
2021-11-09,1823.88,1832.675,1819.3,1831.7
2021-11-10,1830.9,1868.57,1822.49,1848.885
2021-11-11,1849.17,1866.04,1843,1861.29
2021-11-12,1861.77,1868.67,1845.4,1864.74
2021-11-15,1863.9,1870.468,1856.465,1862.545
2021-11-16,1862.435,1877.145,1849.64,1849.64
2021-11-17,1849.63,1868.03,1849.63,1867.07
2021-11-18,1866.81,1870.94,1855.2,1858.6
2021-11-19,1858,1865.85,1843.16,1845.295
2021-11-22,1844.8,1849.07,1802.35,1804.186
2021-11-23,1804.45,1812.41,1782.08,1788.746
2021-11-24,1788.7,1796.355,1778.69,1788.45
2021-11-26,1787.766,1815.6,1780.532,1791.6
2021-11-29,1791.6,1799.41,1780.722,1784.135
2021-11-30,1784.2,1808.72,1769.98,1773.986
2021-12-01,1774,1794.62,1772.3,1781.414
2021-12-02,1781.13,1783.41,1761.99,1768.466
2021-12-03,1766.7,1786.11,1766.22,1782.83
2021-12-06,1782.3,1787.721,1775.78,1778.4
2021-12-07,1777.9,1787.81,1772.32,1783.528
2021-12-08,1783.766,1793.13,1779.69,1782.7
2021-12-09,1782.18,1787.61,1773.37,1774.03
2021-12-10,1774.6,1789.52,1770.21,1782.446
2021-12-13,1781.7,1791.58,1781.7,1785.79
2021-12-14,1786.56,1789.55,1766.56,1770.494
2021-12-15,1769.5,1780.88,1753.1,1776.73
2021-12-16,1776.5,1799.39,1775.7,1798.91
2021-12-17,1799,1814.27,1795.893,1797.933
2021-12-20,1796.9,1804.098,1788.44,1790.23
2021-12-21,1790.406,1800.45,1784.92,1788.4
2021-12-22,1788.47,1805.02,1785.95,1802.48
2021-12-23,1803.52,1810.78,1799.01,1808.58
2021-12-27,1801.9,1813.46,1801.9,1811.735
2021-12-28,1811.7,1820.23,1805.11,1806
2021-12-29,1806.27,1807.636,1789.57,1804.406
2021-12-30,1804.33,1817.13,1796.3,1814.1
2021-12-31,1813.9,1830.36,1813.9,1829.24
2022-01-03,1828,1831.65,1798.41,1801.3
2022-01-04,1801.1,1816.728,1798.574,1814.086
2022-01-05,1813.5,1829.68,1808.4,1809.18
2022-01-06,1810.2,1812.19,1786.42,1790.795
2022-01-07,1789.1,1798.65,1782.71,1795.92
2022-01-10,1778.5,1802.31,1778.5,1801.21
2022-01-11,1801,1823.31,1800.27,1821.39
2022-01-12,1821.3,1828.06,1814.83,1826
2022-01-13,1825.84,1828.16,1812.45,1822.3
2022-01-14,1821.78,1829.144,1814.77,1817.482
2022-01-18,1818.21,1822.77,1805.78,1813.4
2022-01-19,1813.48,1843.4,1810.34,1839.96
2022-01-20,1840.18,1847.94,1836.03,1838.79
2022-01-21,1839,1843.21,1828.57,1834.36
2022-01-24,1832.6,1844.33,1829.81,1842.62
2022-01-25,1842.46,1853.83,1835,1847.87
2022-01-26,1847.7,1850.09,1815.02,1819.35
2022-01-27,1818.9,1822.14,1791.89,1797.26
2022-01-28,1797.26,1799.41,1780.36,1791.16
2022-01-31,1791.32,1799.91,1785.64,1796.64
2022-02-01,1796.64,1808.78,1795.8,1800.38
2022-02-02,1800.1,1810.78,1794.54,1806.34
2022-02-03,1805.96,1808.98,1788.76,1804.534
2022-02-04,1803.86,1814.88,1792.29,1807.54
2022-02-07,1807.61,1823.56,1806.9,1820.1
2022-02-08,1819.99,1828.78,1815.53,1825.6
2022-02-09,1824.9,1835.81,1824.78,1832.42
2022-02-10,1832.87,1841.95,1821.78,1826.79
2022-02-11,1826.78,1865.434,1820.99,1858.44
2022-02-14,1858.11,1874.2,1850.85,1871.1
2022-02-15,1870.5,1879.5,1844.61,1853.36
2022-02-16,1852.98,1872.55,1850.41,1869.11
2022-02-17,1869.8,1901.12,1867.9,1898.35
2022-02-18,1897.2,1902.46,1886.69,1898.23
2022-02-22,1903.36,1914.12,1891.52,1898.16
2022-02-23,1898.2,1910.5,1889.7,1907.76
2022-02-24,1908.1,1974.398,1878.25,1902.94
2022-02-25,1903.5,1921.59,1883,1889.07
2022-02-28,1888.71,1931.47,1888.71,1908.67
2022-03-01,1907.9,1950.21,1901.5,1944.67
2022-03-02,1945.13,1947.96,1913.99,1928.35
2022-03-03,1928.6,1941.27,1922.16,1935.41
2022-03-04,1935.2,1970.95,1929.8,1970.95
2022-03-07,1969.91,2002.57,1961.17,1997.1
2022-03-08,1997.67,2070.42,1981.18,2050.168
2022-03-09,2049.3,2059.17,1976.3,1991.3
2022-03-10,1990.7,2009.17,1970.51,1996.8
2022-03-11,1996.8,1999.034,1958.84,1988.23
2022-03-14,1987.4,1990.308,1949.786,1950
2022-03-15,1951.361,1954.58,1907.14,1918.39
2022-03-16,1918.48,1929.53,1895.13,1927.46
2022-03-17,1927.761,1949.77,1923.46,1942.5
2022-03-18,1942.6,1945.34,1918.07,1921.198
2022-03-21,1920.85,1941.21,1918.14,1935.99
2022-03-22,1935.428,1938.39,1910.821,1920.862
2022-03-23,1920.882,1948.36,1915.697,1942.15
2022-03-24,1942.506,1966.12,1937.6,1957.381
2022-03-25,1957.48,1964.24,1943.31,1957.69
2022-03-28,1957.4,1960.43,1917.14,1921.772
2022-03-29,1922.33,1929.27,1890.35,1919.02
2022-03-30,1919.09,1938.54,1916.08,1932.65
2022-03-31,1932.19,1949.79,1919.4,1936.32
2022-04-01,1936.411,1939.5,1918.13,1924.3
2022-04-04,1924.71,1936.9,1915.63,1932.67
2022-04-05,1932.581,1944.55,1918,1923.43
2022-04-06,1923.84,1933.53,1915.16,1923.84
2022-04-07,1923.84,1937.79,1920.67,1930.91
2022-04-08,1930.95,1948.19,1927.83,1945.8
2022-04-11,1945.8,1969.798,1940.15,1953.69
2022-04-12,1953.171,1978.64,1949.76,1966.308
2022-04-13,1966.55,1981.52,1962.96,1977.7
2022-04-14,1977.61,1980.32,1960.7,1973.2
2022-04-18,1974.4,1998.39,1971.22,1978.18
2022-04-19,1978.09,1981.95,1943.8,1949.911
2022-04-20,1949.348,1958.31,1939.45,1957.398
2022-04-21,1957.366,1957.72,1936.83,1951.451
2022-04-22,1951.14,1955.6,1926.72,1929.7
2022-04-25,1929.7,1935.14,1891.64,1897.967
2022-04-26,1897.963,1911.19,1895.85,1905.117
2022-04-27,1905.217,1907,1881.5,1885.567
2022-04-28,1885.518,1896.71,1872.2,1894.441
2022-04-29,1894.867,1919.9,1892.69,1895.638
2022-05-02,1897,1899.94,1854.65,1863.111
2022-05-03,1862.988,1878.17,1850.51,1867.03
2022-05-04,1867.5,1889.87,1861.57,1881.298
2022-05-05,1882.298,1909.8,1872.7,1876.561
2022-05-06,1876.37,1892.51,1866.28,1882.99
2022-05-09,1863,1885.68,1851.88,1853.982
2022-05-10,1854.27,1865.4,1835.48,1837.8
2022-05-11,1837.2,1858.16,1832.169,1851.76
2022-05-12,1851.967,1858.93,1821.48,1822.158
2022-05-13,1821.71,1828.91,1799.13,1810.678
2022-05-16,1811.45,1826.89,1787.031,1824.29
2022-05-17,1824.404,1836.15,1813,1814.565
2022-05-18,1814.42,1824.71,1807.4,1815.776
2022-05-19,1815.808,1849.13,1810.85,1840.9
2022-05-20,1840.407,1849.52,1832.49,1845.6
2022-05-23,1845.6,1865.44,1843.3,1852.893
2022-05-24,1851.991,1869.66,1849.423,1866.258
2022-05-25,1866.39,1868.19,1841.89,1851.898
2022-05-26,1851.958,1855.57,1840.11,1850.328
2022-05-27,1850.318,1862.02,1847.97,1852.838
2022-05-31,1855.918,1857.17,1835.2,1836.652
2022-06-01,1836.592,1849.96,1828.47,1845.9
2022-06-02,1845.98,1870.53,1844.14,1868.458
2022-06-03,1868.79,1874.14,1847.46,1851.04
2022-06-06,1850.1,1857.92,1840.458,1840.458
2022-06-07,1840.58,1855.53,1837.1,1851.98
2022-06-08,1851.838,1859.64,1844.74,1852.178
2022-06-09,1852.083,1855.42,1840.13,1847.798
2022-06-10,1847.818,1875.93,1825.2,1870.9
2022-06-13,1870.9,1879.45,1818.115,1819.79
2022-06-14,1819.928,1831.61,1805.2,1807.9
2022-06-15,1807.2,1841.95,1807.2,1832.57
2022-06-16,1832.28,1857.55,1815.29,1857.218
2022-06-17,1857.204,1857.87,1833.96,1839.3
2022-06-21,1837.242,1843.57,1828.72,1832.44
2022-06-22,1832.605,1847.88,1823.45,1837.588
2022-06-23,1837.748,1846.238,1822.6,1822.888
2022-06-24,1822.64,1831.8,1817.01,1826.1
2022-06-27,1826.1,1841.17,1820.73,1822.368
2022-06-28,1822.299,1829.49,1818.49,1819.338
2022-06-29,1819.338,1833.05,1812.19,1817.61
2022-06-30,1817.64,1825.1,1802.8,1807.288
2022-07-01,1807.18,1811.86,1784.6,1810.1
2022-07-05,1807.2,1812.1,1764.01,1765.073
2022-07-06,1764.968,1772.84,1732.36,1738.59
2022-07-07,1738.363,1749.07,1736.59,1739.964
2022-07-08,1740.12,1752.46,1733.08,1741.8
2022-07-11,1741.8,1744.528,1731.39,1733.478
2022-07-12,1733.639,1744.37,1723.3,1725.217
2022-07-13,1725.269,1745.39,1707.11,1734.5
2022-07-14,1735.179,1736.31,1697.7,1710.321
2022-07-15,1710.35,1716.63,1699.1,1706.7
2022-07-18,1706.7,1723.85,1706.18,1709.24
2022-07-19,1709.108,1718.43,1705.49,1711.17
2022-07-20,1711.328,1714.508,1692.58,1696.549
2022-07-21,1696.61,1720.238,1681,1717.859
2022-07-22,1717.888,1739.27,1712.99,1726.4
2022-07-25,1726.4,1736.24,1714.8,1719.328
2022-07-26,1719.27,1728.19,1713.7,1716.339
2022-07-27,1716.249,1740.37,1711.58,1734.048
2022-07-28,1733.94,1757.09,1733.8,1756.199
2022-07-29,1756.088,1767.9,1752.27,1765.337
2022-08-01,1765.2,1775.39,1758.5,1771.408
2022-08-02,1771.64,1788.03,1760,1760.02
2022-08-03,1760.747,1772.771,1754.22,1765.098
2022-08-04,1765.068,1794.93,1763.4,1790.69
2022-08-05,1790.938,1794.88,1765.1,1774.1
2022-08-08,1774.1,1790.03,1770.98,1788.14
2022-08-09,1788.168,1800.4,1783.32,1794.807
2022-08-10,1794.63,1807.93,1787.69,1791.29
2022-08-11,1791.508,1799.3,1783.7,1789.398
2022-08-12,1789.398,1802.7,1785,1801.97
2022-08-15,1801.3,1802.41,1773.09,1778.858
2022-08-16,1778.98,1783.13,1771.6,1775.848
2022-08-17,1775.758,1782.32,1759.87,1761.429
2022-08-18,1761.588,1772.42,1755.45,1758.959
2022-08-19,1758.59,1759.5,1745.64,1746.96
2022-08-22,1746.4,1749.19,1727.9,1735.839
2022-08-23,1737.49,1754.06,1730.92,1748.03
2022-08-24,1748.119,1755.87,1742.51,1750.859
2022-08-25,1750.758,1765.48,1750.06,1758.092
2022-08-26,1757.91,1758.91,1734.27,1736.8
2022-08-29,1737.56,1745.52,1720.4,1736.719
2022-08-30,1737.008,1740.51,1721.3,1723.248
2022-08-31,1723.5,1726.52,1709.72,1710.93
2022-09-01,1710.868,1711.43,1688.91,1696.09
2022-09-02,1696.277,1718.01,1695.17,1711.4
2022-09-06,1709.25,1726.78,1699.74,1701.401
2022-09-07,1701.36,1719.54,1691.5,1717.76
2022-09-08,1717.829,1728.2,1704.06,1708.37
2022-09-09,1708.418,1729.47,1708.418,1716.05
2022-09-12,1717.49,1735.1,1712.061,1724.969
2022-09-13,1724.41,1731.8,1697.18,1701.56
2022-09-14,1701.09,1707.07,1693.78,1696.794
2022-09-15,1697.42,1698.19,1660.44,1664.71
2022-09-16,1664.71,1680.41,1654.28,1674.02
2022-09-19,1675.24,1679.9,1659.78,1675.64
2022-09-20,1675.722,1679.51,1660.1,1664.54
2022-09-21,1664.54,1688.05,1653.93,1673.2
2022-09-22,1672.942,1684.89,1655.8,1670.948
2022-09-23,1671.24,1675.93,1639.78,1643
2022-09-26,1643.29,1649.78,1621.27,1622.15
2022-09-27,1621.85,1642.45,1621.85,1628.56
2022-09-28,1628.56,1662.76,1614.92,1659.71
2022-09-29,1659.74,1664.88,1641.65,1661.026
2022-09-30,1660.648,1675.38,1659.33,1660.73
2022-10-03,1660.73,1701.56,1659.8,1699.288
2022-10-04,1699.15,1729.46,1695.29,1725.16
2022-10-05,1725.16,1727.78,1700.671,1715.84
2022-10-06,1716.03,1725.55,1706.99,1711.75
2022-10-07,1712.468,1714.82,1690.7,1693.7
2022-10-10,1694.69,1699.94,1665.78,1668
2022-10-11,1667.74,1683.94,1661,1665.97
2022-10-12,1666.022,1678.33,1661.45,1673
2022-10-13,1672.973,1682.45,1642.49,1666
2022-10-14,1666.05,1671.74,1640.27,1643.78
2022-10-17,1643.4,1668.42,1643.4,1650.18
2022-10-18,1650.06,1660.94,1645.93,1651.33
2022-10-19,1651.31,1654.44,1627.75,1629.21
2022-10-20,1629.65,1645.65,1622.53,1627.027
2022-10-21,1626.997,1658.07,1617.3,1656.6
2022-10-24,1657.66,1670.75,1644.05,1649.86
2022-10-25,1649.89,1662.45,1638.4,1652.92
2022-10-26,1653.08,1674.94,1649.84,1663.89
2022-10-27,1663.84,1670.82,1654.93,1662.1
2022-10-28,1662.1,1667.04,1638.16,1644.3
2022-10-31,1644.99,1645.62,1631.84,1632.77
2022-11-01,1632.728,1657,1630.85,1648.18
2022-11-02,1648.11,1669.52,1634.9,1635.298
2022-11-03,1636.067,1640.97,1616.71,1629.4
2022-11-04,1628.688,1682.37,1628.688,1680.2
2022-11-07,1681.11,1681.836,1666.96,1675.48
2022-11-08,1675.48,1716.89,1664.8,1712.17
2022-11-09,1712.17,1722.55,1702.29,1706.67
2022-11-10,1706.67,1757.26,1704,1755.49
2022-11-11,1755.53,1772.78,1747.38,1771.198
2022-11-14,1771.23,1775.07,1753.35,1771.28
2022-11-15,1771.18,1786.53,1767.19,1778.89
2022-11-16,1778.89,1785.04,1770.4,1773.6
2022-11-17,1773.3,1774.81,1754.57,1760.03
2022-11-18,1760.03,1767.68,1747.6,1750.398
2022-11-21,1750.56,1753.02,1732.58,1737.83
2022-11-22,1736.92,1749.72,1736.92,1739.7
2022-11-23,1739.99,1753.36,1725.71,1749.37
2022-11-25,1756.61,1761.18,1745.99,1754.26
2022-11-28,1754.26,1763.75,1739.72,1741.24
2022-11-29,1740.9,1759.05,1739.7,1749.7
2022-11-30,1749.4,1769.96,1745.03,1768
2022-12-01,1767.7,1804.02,1767.7,1802.5
2022-12-02,1802.23,1804.45,1778.68,1797.248
2022-12-05,1797.59,1810.04,1765.9,1768.4
2022-12-06,1768.4,1780.9,1766.9,1770.6
2022-12-07,1770.86,1790.52,1768.8,1785.83
2022-12-08,1786,1794.87,1781.5,1788.92
2022-12-09,1788.73,1806.12,1788.57,1797.11
2022-12-12,1797.41,1797.59,1777.66,1780.27
2022-12-13,1780.9,1824.47,1780.89,1810.84
2022-12-14,1809.5,1814.14,1795.66,1807.23
2022-12-15,1806.46,1808.64,1773.92,1776.54
2022-12-16,1775.97,1794.31,1774.4,1792.588
2022-12-19,1791.83,1798.68,1783.94,1787.3
2022-12-20,1786.53,1821.11,1784.71,1817.6
2022-12-21,1816.93,1823.82,1811.93,1814.1
2022-12-22,1814.1,1820.45,1784.94,1792.36
2022-12-23,1791.54,1803.21,1791.31,1797.688
2022-12-27,1797.21,1833.29,1797.21,1813.3
2022-12-28,1812.5,1814.52,1797.14,1804
2022-12-29,1803.3,1820.18,1803.3,1814.5
2022-12-30,1813.87,1826.07,1811.2,1822.79
2023-01-03,1823.53,1850.15,1823.53,1839
2023-01-04,1839.6,1865.15,1836.29,1854.1
2023-01-05,1854.34,1859.03,1825.04,1832.488
2023-01-06,1832.45,1870,1830.8,1865.487
2023-01-09,1865.91,1881.59,1865.4,1871.65
2023-01-10,1870.4,1880.73,1868,1876.6
2023-01-11,1876.72,1886.63,1867.22,1875.3
2023-01-12,1875.3,1901.55,1872.64,1896.7
2023-01-13,1896.79,1921.86,1892.4,1920.15
2023-01-17,1915.66,1919.02,1903.88,1908.2
2023-01-18,1908.53,1925.88,1896.74,1903.7
2023-01-19,1904.14,1935.25,1901.1,1931.8
2023-01-20,1931.9,1937.51,1920.77,1925.95
2023-01-23,1925.82,1935.51,1911.49,1930.6
2023-01-24,1930.43,1942.51,1917.22,1937
2023-01-25,1936.3,1948.08,1919.91,1945.78
2023-01-26,1945.78,1949.16,1918.74,1928.8
2023-01-27,1928.59,1935.06,1916.78,1927.286
2023-01-30,1927.98,1934.47,1920.71,1923.1
2023-01-31,1923.1,1931.12,1900.86,1928.26
2023-02-01,1928.26,1954.5,1920.65,1950.17
2023-02-02,1949.3,1959.74,1911.35,1912.3
2023-02-03,1912.57,1918.59,1861.37,1864.9
2023-02-06,1864.9,1881.31,1860.44,1867.04
2023-02-07,1866.9,1884.42,1865.08,1872.1
2023-02-08,1872.7,1886.345,1869.16,1875.04
2023-02-09,1875.04,1890.21,1858.97,1860.66
2023-02-10,1861.4,1872.22,1852.89,1865.14
2023-02-13,1865.4,1866.54,1850.55,1853.36
2023-02-14,1852.6,1870.53,1843.35,1854.37
2023-02-15,1853.8,1860.14,1830.64,1835.6
2023-02-16,1835.3,1845.29,1827.65,1836.24
2023-02-17,1835.95,1843.62,1818.97,1841.73
2023-02-21,1841.14,1843.82,1830.33,1834.82
2023-02-22,1834.64,1846.09,1823.6,1824.29
2023-02-23,1824.29,1833.78,1817.56,1821.9
2023-02-24,1821.9,1827.78,1809.06,1809.87
2023-02-27,1809.87,1820.17,1806.78,1816.7
2023-02-28,1817.05,1831.13,1804.78,1826.69
2023-03-01,1826.69,1844.57,1823.21,1836.3
2023-03-02,1836.3,1838.99,1830.11,1835.4
2023-03-03,1835.51,1856.51,1835.51,1855.84
2023-03-06,1855.84,1858.33,1845.21,1846.46
2023-03-07,1846.46,1851.62,1812.82,1813.36
2023-03-08,1813.36,1824.25,1809.48,1813.64
2023-03-09,1813.64,1835.64,1812.09,1829.28
2023-03-10,1829.28,1870.14,1827.84,1866.99
2023-03-13,1867.17,1914.6,1867.17,1912.68
2023-03-14,1913.71,1914.16,1895.55,1903.4
2023-03-15,1903.414,1937.31,1885.83,1918.11
2023-03-16,1918.11,1933.42,1907.63,1921.51
2023-03-17,1920.85,1989.16,1918.37,1988.5
2023-03-20,1988.78,2009.75,1966,1978.5
2023-03-21,1978.44,1985.16,1935.56,1939.704
2023-03-22,1939.704,1978.78,1934.4,1969.714
2023-03-23,1969.374,2003.28,1964.74,1992.6
2023-03-24,1992.9,2003.002,1975.39,1976.9
2023-03-27,1978.32,1980.38,1944.11,1956.184
2023-03-28,1955.96,1975.25,1949.28,1973.3
2023-03-29,1973.14,1974.34,1958.82,1962.97
2023-03-30,1963.36,1984.26,1955.54,1980.36
2023-03-31,1980.274,1987.57,1966.86,1968.53
2023-04-03,1969.3,1990.46,1949.9,1984.168
2023-04-04,1984.37,2025.17,1977.1,2020.66
2023-04-05,2020.66,2032.13,2009.98,2020.35
2023-04-06,2020.49,2021.42,2000.97,2007.8
2023-04-10,2007.05,2007.8,1981.78,1990.71
2023-04-11,1990.7,2007.44,1988.9,2003.484
2023-04-12,2003.274,2028.32,2001.44,2014.404
2023-04-13,2014.27,2048.79,2013.9,2040.27
2023-04-14,2040.23,2047.47,1992.586,2003.43
2023-04-17,2004.03,2015.02,1981.29,1994.688
2023-04-18,1994.87,2011.83,1991.38,2005.104
2023-04-19,2005.07,2008.16,1969.34,1994.61
2023-04-20,1994.31,2012.34,1990.65,2004.334
2023-04-21,2004.32,2005.52,1971.736,1982.37
2023-04-24,1982.37,1990.82,1974.23,1988.85
2023-04-25,1988.81,2003.85,1976.26,1996.74
2023-04-26,1996.6,2009.34,1983.48,1989.87
2023-04-27,1989.198,2003.47,1974.236,1987.92
2023-04-28,1987.76,1995,1976.31,1989.62
2023-05-01,1991.1,2005.99,1977.22,1981.18
2023-05-02,1981.64,2019.36,1978.58,2016.58
2023-05-03,2016.58,2042.86,2008.09,2042.86
2023-05-04,2042.86,2081.82,2030.5,2049.92
2023-05-05,2049.894,2053.04,1999.59,2015.94
2023-05-08,2016.65,2029.36,2014.4,2020.44
2023-05-09,2020.92,2037.524,2019.615,2034.15
2023-05-10,2033.704,2048.15,2021.67,2029.4
2023-05-11,2029.39,2041.238,2011.3,2014.9
2023-05-12,2014.71,2022.56,2001.07,2010.9
2023-05-15,2010.6,2022.114,2007.43,2015.73
2023-05-16,2015.624,2018.28,1985.6,1988.24
2023-05-17,1988.24,1993.01,1975.12,1981.32
2023-05-18,1981.35,1986,1951.87,1957.66
2023-05-19,1957.78,1984.16,1954.14,1977.3
2023-05-22,1977.64,1982.56,1968.98,1969.2
2023-05-23,1971.21,1977.71,1954.37,1974.74
2023-05-24,1974.7,1985.27,1956.83,1957.08
2023-05-25,1957.11,1964.76,1938.96,1939.96
2023-05-26,1939.96,1957.25,1936.9,1946.13
2023-05-30,1943.84,1963.53,1932.2,1958.12
2023-05-31,1958.53,1974.75,1953.8,1962.77
2023-06-01,1962.8,1983.1,1953.47,1976.69
2023-06-02,1976.84,1983.44,1947.5,1947.5
2023-06-05,1947.97,1963.97,1938.275,1961.084
2023-06-06,1961.24,1966.34,1954.51,1963.23
2023-06-07,1963.26,1970.15,1939.89,1940.21
2023-06-08,1940.134,1970.534,1939.73,1965.7
2023-06-09,1965.66,1973.13,1956.769,1960.78
2023-06-12,1960.71,1966.97,1949.32,1956.91
2023-06-13,1957.14,1971.024,1940.13,1943.09
2023-06-14,1943.26,1960.29,1939.83,1941.804
2023-06-15,1941.94,1960.24,1925.055,1954.955
2023-06-16,1957.32,1967.89,1953.43,1957.3
2023-06-20,1950.58,1956.74,1929.92,1935.16
2023-06-21,1935.16,1939.47,1919.32,1932.198
2023-06-22,1932.11,1934.98,1912.53,1913.53
2023-06-23,1913.504,1937.33,1910.26,1920.26
2023-06-26,1921.1,1933.31,1921.1,1922.25
2023-06-27,1922.72,1930.659,1911,1913.46
2023-06-28,1913.41,1917.22,1902.76,1907.68
2023-06-29,1907.71,1913.089,1893.12,1907.41
2023-06-30,1908.01,1922.72,1900.652,1919.36
2023-07-03,1919.31,1931.09,1910.13,1920.73
2023-07-05,1925.47,1934.973,1914.51,1914.51
2023-07-06,1914.51,1927.55,1902.75,1910.81
2023-07-07,1910.78,1934.821,1909.69,1925
2023-07-10,1925.43,1928.13,1912.76,1925.08
2023-07-11,1925.16,1938.435,1924.48,1932.21
2023-07-12,1932.3,1959.66,1932.3,1956.4
2023-07-13,1956.4,1963.63,1952.51,1959.944
2023-07-14,1960.04,1963.81,1951.06,1954.8
2023-07-17,1955.28,1959.83,1945.89,1954.28
2023-07-18,1953.554,1984.32,1953.554,1978.61
2023-07-19,1978.61,1980.894,1969.9,1976.18
2023-07-20,1976.69,1987.42,1965.47,1969.25
2023-07-21,1969.25,1973.8,1956.946,1960.8
2023-07-24,1961.7,1967.864,1953.579,1954.65
2023-07-25,1954.65,1965.66,1952.03,1964.83
2023-07-26,1964.86,1978.284,1962.15,1971.25
2023-07-27,1972.83,1982.15,1942.62,1945.715
2023-07-28,1946.005,1963.52,1945.57,1959.12
2023-07-31,1959.1,1972.354,1950.962,1965.58
2023-08-01,1965.5,1966.05,1941.24,1950.029
2023-08-02,1950.55,1954.774,1933.067,1933.64
2023-08-03,1933.64,1938.925,1929.64,1933.705
2023-08-04,1933.755,1946.881,1925.51,1942.69
2023-08-07,1942.69,1946.73,1931.6,1936.415
2023-08-08,1936.35,1938.11,1922.883,1924.84
2023-08-09,1924.95,1932.36,1914.15,1914.675
2023-08-10,1914.95,1930.15,1912.025,1912.025
2023-08-11,1912.049,1920.94,1910.95,1913.04
2023-08-14,1913.46,1918.125,1902.8,1907.15
2023-08-15,1906.59,1911.594,1896.5,1901.639
2023-08-16,1901.63,1907.19,1891.72,1891.91
2023-08-17,1891.91,1903.425,1885.09,1889.62
2023-08-18,1889.085,1896.773,1886.87,1888.9
2023-08-21,1889.21,1898.741,1884.89,1894.27
2023-08-22,1894.27,1904.5,1889.2,1897.191
2023-08-23,1897.151,1920.31,1897.151,1915.42
2023-08-24,1915.14,1923.37,1911.88,1916.82
2023-08-25,1916.705,1922.48,1903.74,1914.52
2023-08-28,1914.52,1926.04,1912.94,1919.598
2023-08-29,1919.561,1938.12,1914.57,1936.9
2023-08-30,1936.96,1949.05,1935.11,1942.23
2023-08-31,1942.1,1947.87,1939.17,1939.96
2023-09-01,1939.595,1952.95,1934.52,1939.3
2023-09-05,1938.2,1938.99,1925.48,1925.64
2023-09-06,1925.66,1929.165,1915.39,1916.37
2023-09-07,1916.45,1923.58,1916.32,1919.37
2023-09-08,1919.43,1929.69,1917.47,1918.07
2023-09-11,1918.89,1930.69,1916.66,1921.588
2023-09-12,1921.508,1924.48,1907.68,1911.675
2023-09-13,1912.148,1915.72,1905.68,1908.41
2023-09-14,1908.46,1912.9,1901.11,1910.63
2023-09-15,1910.63,1930.41,1909.93,1923.56
2023-09-18,1923.57,1934.18,1922.69,1933.04
2023-09-19,1933.2,1937.361,1929.86,1931.288
2023-09-20,1931.65,1947.39,1928.01,1930.78
2023-09-21,1930.57,1931.57,1913.99,1919.63
2023-09-22,1919.12,1929.12,1919.12,1924.68
2023-09-25,1925.23,1927.19,1915.328,1915.84
2023-09-26,1916.79,1916.89,1899.23,1900.35
2023-09-27,1900.52,1903.977,1872.65,1875.53
2023-09-28,1875.53,1879.581,1857.819,1864.59
2023-09-29,1865.24,1879.81,1846.42,1848.1
2023-10-02,1848.46,1849.96,1827.22,1827.95
2023-10-03,1827.95,1833.35,1815.3,1822.7
2023-10-04,1822.7,1830.67,1816.69,1821.02
2023-10-05,1821.1,1829.23,1813.07,1820.01
2023-10-06,1820.23,1834.83,1810.58,1832.54
2023-10-09,1832.46,1863.46,1832.4,1861.29
2023-10-10,1861.03,1865.41,1853.1,1859.498
2023-10-11,1860.13,1877.21,1858.74,1874.128
2023-10-12,1874.25,1885.055,1867.9,1868.69
2023-10-13,1868.69,1932.875,1868.69,1932.4
2023-10-16,1932.63,1932.63,1908.32,1920.05
2023-10-17,1919.99,1931.56,1912.54,1922.84
2023-10-18,1922.85,1962.58,1922.85,1947.2
2023-10-19,1947.92,1977.69,1945.35,1973.3
2023-10-20,1974.418,1997.16,1972.12,1980.9
2023-10-23,1981.45,1982.81,1963.29,1972.4
2023-10-24,1972.59,1980.9,1953.69,1970.8
2023-10-25,1971.265,1987.25,1963.15,1979.62
2023-10-26,1979.65,1993.44,1971.85,1984.41
2023-10-27,1984.41,2009.42,1976.97,2006
2023-10-30,2006.14,2006.77,1991.043,1995.7
2023-10-31,1995.3,2007.894,1978.99,1983.56
2023-11-01,1983.81,1993.24,1969.81,1982.34
2023-11-02,1982.2,1990.99,1978.96,1985.498
2023-11-03,1985.65,2004.07,1983.31,1992.08
2023-11-06,1992.31,1993.13,1977.54,1977.544
2023-11-07,1977.53,1978.38,1956.81,1969.15
2023-11-08,1969,1971.05,1947.49,1949.54
2023-11-09,1949.54,1965.57,1944.8,1958.24
2023-11-10,1958.24,1960.76,1933.14,1938.148
2023-11-13,1938.148,1949.17,1928.103,1945.948
2023-11-14,1945.75,1970.92,1938.842,1963.178
2023-11-15,1962.81,1975.3,1955.56,1959.1
2023-11-16,1959.23,1987.98,1956.63,1981
2023-11-17,1980.92,1993.42,1977.68,1980.65
2023-11-20,1980.62,1985.16,1965.57,1977.45
2023-11-21,1977.3,2007.54,1977.3,1998.13
2023-11-22,1998.13,2006.344,1987,1989.548
2023-11-24,1992.15,2003.58,1991.6,2002.1
2023-11-27,2005.11,2018.151,2000.66,2013.64
2023-11-28,2013.8,2043.05,2011.79,2040.71
2023-11-29,2040.6,2052.13,2035.48,2044.068
2023-11-30,2043.82,2047.18,2031.576,2036.098
2023-12-01,2035.88,2075.35,2034.02,2071.95
2023-12-04,2071.92,2146.792,2020.255,2028.85
2023-12-05,2028.85,2041.24,2009.96,2019.22
2023-12-06,2019.22,2035.86,2017.4,2025.219
2023-12-07,2025.28,2039.93,2020.32,2028.389
2023-12-08,2027.9,2034,1994.69,2004.25
2023-12-11,2004.54,2008.1,1976.02,1981.624
2023-12-12,1981.83,1996.73,1977.26,1979.37
2023-12-13,1979.48,2027.45,1973.13,2027.385
2023-12-14,2027.03,2047.91,2024.37,2036.3
2023-12-15,2035,2044.9,2015.71,2019.485
2023-12-18,2019.87,2033.69,2016.12,2026.984
2023-12-19,2027.15,2046.99,2021.84,2040.105
2023-12-20,2039.9,2043.47,2027.57,2031.735
2023-12-21,2030.62,2046,2030.62,2045.845
2023-12-22,2045.57,2070.63,2045.57,2052.79
2023-12-26,2053.602,2069.07,2053.517,2067.789
2023-12-27,2067.6,2084.44,2061.63,2077.495
2023-12-28,2077.51,2088.48,2064.72,2065.439
2023-12-29,2065,2074.77,2058.34,2062.68
2024-01-02,2062.68,2078.9,2055.98,2058.699
2024-01-03,2058.78,2065.99,2030.72,2041.195
2024-01-04,2041.49,2050.95,2036.34,2043.348
2024-01-05,2042.8,2063.98,2024.63,2045.44
2024-01-08,2045.41,2046.58,2016.85,2027.909
2024-01-09,2027.6,2042.01,2026.17,2029.9
2024-01-10,2029.9,2040.27,2020.57,2024.105
2024-01-11,2024,2046.649,2013.43,2028.83
2024-01-12,2028.38,2062.27,2028.38,2048.92
2024-01-16,2054.75,2055.82,2024.37,2028.155
2024-01-17,2028.06,2032.94,2001.92,2005.945
2024-01-18,2006.038,2023.25,2005.83,2022.835
2024-01-19,2022.68,2039.4,2020.51,2029.47
2024-01-22,2029.48,2032.16,2016.66,2021.2
2024-01-23,2021.504,2037.93,2019.73,2029.015
2024-01-24,2028.9,2036.71,2011.32,2013.5
2024-01-25,2013.54,2025.22,2009.66,2020.505
2024-01-26,2020.4,2026.92,2016.05,2017.915
2024-01-29,2018.38,2037.56,2018.38,2032.955
2024-01-30,2032,2048.62,2029.17,2036.82
2024-01-31,2036.51,2055.98,2031.02,2039.105
2024-02-01,2039.27,2065.6,2030.12,2054.545
2024-02-02,2054.949,2057.62,2027.94,2039.58
2024-02-05,2039.58,2042.22,2014.97,2025.005
2024-02-06,2024.77,2038.86,2022.99,2035.365
2024-02-07,2035.75,2044.55,2030.7,2034.805
2024-02-08,2034.7,2038.69,2020.35,2033.785
2024-02-09,2033.85,2037.24,2020.41,2024.155
2024-02-12,2024.38,2027.58,2012.01,2019.885
2024-02-13,2019.63,2032.845,1990.22,1992.855
2024-02-14,1993.1,1996.12,1984.37,1991.98
2024-02-15,1991.98,2008.27,1990.32,2004.105
2024-02-16,2003.95,2015.164,1995.25,2013.055
2024-02-20,2017.95,2031.13,2014.34,2024.095
2024-02-21,2023.97,2032.29,2020.19,2025.895
2024-02-22,2025.48,2034.86,2019.75,2024.09
2024-02-23,2023.933,2041.53,2016.15,2035.43
2024-02-26,2035.39,2037.07,2025.15,2030.885
2024-02-27,2031.17,2039.47,2028.9,2029.964
2024-02-28,2030.29,2037.89,2024.61,2034.085
2024-02-29,2034.33,2050.75,2028.23,2043.98
2024-03-01,2043.7,2088.33,2039.22,2082.65
2024-03-04,2082.65,2119.89,2079.57,2114.295
2024-03-05,2113.9,2141.81,2110.59,2127.913
2024-03-06,2127.97,2152.24,2123.8,2147.952
2024-03-07,2148.05,2164.78,2144.36,2159.715
2024-03-08,2159.86,2195.15,2154.17,2178.965
2024-03-11,2179.03,2188.99,2174.91,2182.008
2024-03-12,2182.098,2184.76,2150.78,2157.698
2024-03-13,2157.698,2179.812,2155.98,2174.323
2024-03-14,2174.272,2176.97,2152.965,2161.708
2024-03-15,2161.338,2172.712,2155.29,2155.625
2024-03-18,2155.66,2163.6,2146.24,2160.328
2024-03-19,2160.203,2162.84,2147.29,2157.412
2024-03-20,2157.298,2188.78,2149.7,2185.8
2024-03-21,2186.572,2222.91,2166.48,2181.072
2024-03-22,2180.792,2186.1,2157.208,2164.7
2024-03-25,2164.93,2181.29,2163.708,2171.088
2024-03-26,2171.405,2200.11,2167.81,2178.3
2024-03-27,2178.123,2197.6,2173.55,2194.503
2024-03-28,2194.532,2236.242,2187.53,2232.1
2024-04-01,2232.54,2265.651,2228.66,2251.37
2024-04-02,2251.382,2281.011,2246.868,2278.7
2024-04-03,2280.447,2301.07,2265.629,2299.607
2024-04-04,2300.302,2305.61,2279.84,2289
2024-04-05,2290.151,2330.471,2267.96,2329.57
2024-04-08,2329.44,2354.04,2303.09,2338.7
2024-04-09,2338.641,2365.3,2337.059,2352.911
2024-04-10,2352.931,2360.07,2319.493,2332.6
2024-04-11,2332.821,2377.66,2325.83,2371.606
2024-04-12,2372.56,2431.78,2333.99,2343.285
2024-04-15,2343.3,2387.55,2324.42,2382.3
2024-04-16,2382.416,2398.22,2363.11,2382.7
2024-04-17,2382.111,2395.54,2354.68,2360.2
2024-04-18,2361.271,2392.801,2361.271,2378.266
2024-04-19,2378.266,2417.889,2373,2391.77
2024-04-22,2392.03,2392.03,2324.78,2326.1
2024-04-23,2327.871,2334.43,2291.54,2321.56
2024-04-24,2322.271,2337.31,2311.89,2315.022
2024-04-25,2315.042,2344.89,2305.17,2331.511
2024-04-26,2332.29,2352.55,2326.4,2337.91
2024-04-29,2337.65,2346.76,2320.1,2335.451
2024-04-30,2335.451,2336.29,2285.26,2285.4
2024-05-01,2285.811,2328.29,2281.77,2319.742
2024-05-02,2319.891,2326.45,2285.58,2302.7
2024-05-03,2303.242,2320.67,2277.369,2301.93
2024-05-06,2301.93,2332.2,2291.95,2325.763
2024-05-07,2325.797,2329.93,2310.109,2313.917
2024-05-08,2313.99,2321.39,2303.81,2308.5
2024-05-09,2308.942,2347.26,2306.66,2345.7
2024-05-10,2346.561,2378.45,2343.6,2360.22
2024-05-13,2359.97,2364.52,2332.31,2336.3
2024-05-14,2335.731,2359.72,2334.95,2357.8
2024-05-15,2357.038,2390.25,2351.97,2386.126
2024-05-16,2386.126,2397.39,2371.12,2376.4
2024-05-17,2376.741,2422.709,2374.02,2414.5
2024-05-20,2414.02,2450.1,2407.43,2425
2024-05-21,2427.076,2433.9,2406.36,2420.645
2024-05-22,2420.645,2426.56,2375.109,2378.55
2024-05-23,2379.651,2383.7,2327.13,2328.806
2024-05-24,2328.805,2347.43,2325.53,2333.75
2024-05-28,2351.451,2364.12,2340.33,2360.331
2024-05-29,2360.131,2362.73,2334.65,2337.861
2024-05-30,2337.698,2351.82,2322.72,2343.801
2024-05-31,2343.691,2359.74,2320.75,2326.97
2024-06-03,2326.97,2354.77,2314.85,2350.2
2024-06-04,2350.64,2352.81,2315.72,2325.918
2024-06-05,2326.81,2357.34,2326.03,2356.298
2024-06-06,2356.098,2378.47,2353.55,2375.498
2024-06-07,2376.11,2387.71,2286.91,2293.59
2024-06-10,2293.51,2313.82,2287.88,2310.6
2024-06-11,2310.78,2319.93,2297.86,2316.2
2024-06-12,2316.41,2341.69,2310.82,2324.498
2024-06-13,2324.65,2326.71,2295.71,2301
2024-06-14,2303.71,2336.64,2301.68,2332.52
2024-06-17,2332.3,2332.85,2310.08,2316
2024-06-18,2318.098,2333.14,2306.66,2329.18
2024-06-20,2327.87,2365.53,2327.87,2359.898
2024-06-21,2359.898,2368.74,2316.88,2321.45
2024-06-24,2321.45,2334.67,2317.849,2332.8
2024-06-25,2333.4,2337.12,2315.62,2318.7
2024-06-26,2319.58,2323.9,2293.77,2298.098
2024-06-27,2297.898,2330.93,2296.63,2327.3
2024-06-28,2327.108,2339.79,2319.18,2326.41
2024-07-01,2326.15,2338.55,2318.6,2331.5
2024-07-02,2330.848,2336.8,2319.22,2329.2
2024-07-03,2329.098,2365.13,2327,2353.2
2024-07-05,2356.72,2392.91,2349.199,2391.24
2024-07-08,2391.24,2391.3,2351.17,2358.2
2024-07-09,2358.338,2371.49,2349.579,2363.4
2024-07-10,2363.09,2386.72,2362.88,2370.9
2024-07-11,2371.04,2424.55,2371.04,2415.298
2024-07-12,2415.498,2418.26,2391.58,2410.78
2024-07-15,2410.61,2439.753,2401.48,2421.61
2024-07-16,2421.91,2469.74,2420.14,2468.4
2024-07-17,2468.14,2483.76,2451.65,2458.06
2024-07-18,2458.33,2474.89,2440.48,2445.14
2024-07-19,2445.14,2447.47,2393.95,2400.38
2024-07-22,2400.59,2412.22,2384.01,2396.15
2024-07-23,2396.15,2412.02,2388.37,2408.518
2024-07-24,2408.84,2432.01,2396.98,2397.4
2024-07-25,2397.18,2401.18,2353.22,2365.3
2024-07-26,2363.95,2390.81,2356.01,2386.89
2024-07-29,2387.4,2403.11,2369.73,2383.58
2024-07-30,2383.58,2412.82,2376.63,2410.27
2024-07-31,2410.01,2450.92,2404.01,2447.6
2024-08-01,2447.93,2462.29,2430.35,2444.6
2024-08-02,2445.98,2477.66,2410.945,2442.08
2024-08-05,2442.08,2458.845,2364.435,2409.39
2024-08-06,2409.42,2418.33,2381.769,2389.1
2024-08-07,2389.98,2407.08,2379.15,2383.49
2024-08-08,2383.49,2427.65,2381.15,2426.5
2024-08-09,2426.85,2437.07,2417.03,2430.87
2024-08-12,2430.71,2473.22,2423.96,2471.93
2024-08-13,2470.115,2476.97,2458.63,2466.498
2024-08-14,2466.415,2479.94,2438.19,2447.4
2024-08-15,2446.958,2470.03,2432.28,2456.8
2024-08-16,2456.51,2509.72,2450.87,2506.844
2024-08-19,2507.48,2510.17,2485.76,2503.8
2024-08-20,2503.28,2531.67,2497.47,2513.6
2024-08-21,2512.968,2519.89,2494.182,2511.8
2024-08-22,2511.698,2514.66,2470.89,2481.7
2024-08-23,2484.19,2518.33,2484.19,2512.01
2024-08-26,2512.01,2526.82,2508.87,2517.68
2024-08-27,2518.34,2525.95,2503.67,2524.4
2024-08-28,2524.56,2529.02,2493.74,2503.858
2024-08-29,2503.858,2528.66,2503.74,2520.64
2024-08-30,2520.504,2526.86,2494.32,2502.98
2024-09-03,2499.098,2506.29,2473.5,2492.405
2024-09-04,2492.425,2500.28,2471.97,2494.725
2024-09-05,2494.855,2523.504,2493.66,2516.048
2024-09-06,2516.104,2529.16,2485.25,2497.09
2024-09-09,2496.75,2507.23,2485.68,2505.885
2024-09-10,2506.135,2518.48,2500.26,2515.978
2024-09-11,2516.25,2529.03,2501.05,2511.14
2024-09-12,2511.29,2560.12,2511.13,2558.6
2024-09-13,2558.364,2586.18,2556.85,2577.57
2024-09-16,2577.57,2589.68,2575.48,2582.22
2024-09-17,2581.994,2586.96,2560.881,2569.09
2024-09-18,2568.554,2600.14,2546.95,2558.83
2024-09-19,2558.424,2594.93,2551.229,2586.124
2024-09-20,2586.124,2625.77,2584.93,2621.79
2024-09-23,2621.79,2634.86,2613.94,2628.274
2024-09-24,2628.224,2664.34,2622.74,2657.074
2024-09-25,2657.074,2670.539,2649.782,2656.082
2024-09-26,2656.343,2685.579,2654.875,2672.033
2024-09-27,2671.353,2674.29,2643.25,2657.97
2024-09-30,2657.97,2665.99,2624.82,2634.25
2024-10-01,2633.954,2673.14,2632.45,2663.05
2024-10-02,2662.623,2663.379,2641.26,2658.013
2024-10-03,2658.013,2662.92,2638.152,2655.474
2024-10-04,2655.474,2670.14,2632.14,2653.27
2024-10-07,2653.05,2659.63,2637.88,2642.625
2024-10-08,2642.043,2653.04,2604.79,2620.565
2024-10-09,2620.894,2624.33,2605.32,2606.954
2024-10-10,2606.954,2631.51,2603.284,2629.62
2024-10-11,2629.414,2661.4,2628.26,2657.03
2024-10-14,2656.85,2666.87,2643.33,2648.68
2024-10-15,2647.443,2668.91,2638.24,2662.27
2024-10-16,2662.703,2685.41,2658.84,2673.7
2024-10-17,2674.373,2696.93,2673.33,2691.833
2024-10-18,2691.833,2722.54,2690.51,2721.12
2024-10-21,2720.098,2740.57,2714.31,2719.43
2024-10-22,2719.462,2748.85,2719.07,2748.65
2024-10-23,2747.833,2758.45,2708.82,2715.062
2024-10-24,2715.293,2743.27,2715.23,2735.94
2024-10-25,2735.053,2747.77,2717.14,2746.56
2024-10-28,2747.13,2747.13,2724.83,2741.88
2024-10-29,2741.673,2774.79,2739.99,2774.152
2024-10-30,2774.53,2790.03,2771.026,2787.042
2024-10-31,2787.21,2790.07,2731.66,2743.6
2024-11-01,2743.322,2762.23,2733.3,2735.8
2024-11-04,2735.91,2748.18,2730.55,2735.52
2024-11-05,2736.133,2749.96,2724.82,2743.694
2024-11-06,2743.72,2749.73,2652.53,2658.895
2024-11-07,2658.67,2710.61,2643.471,2705.995
2024-11-08,2705.84,2710.37,2680.42,2684.035
2024-11-11,2683.82,2686.16,2610.75,2619.375
2024-11-12,2618.97,2627.14,2589.8,2597.895
2024-11-13,2597.88,2618.84,2572.195,2572.195
2024-11-14,2572.43,2581.43,2536.89,2564.145
2024-11-15,2564.34,2576.06,2554.65,2562.715
2024-11-18,2562.81,2615.07,2562.74,2611.605
2024-11-19,2611.54,2639.44,2610.559,2632.105
2024-11-20,2631.603,2655.4,2618.98,2650.145
2024-11-21,2649.814,2673.54,2648.64,2669.37
2024-11-22,2668.993,2715.805,2668.24,2715.805
2024-11-25,2715.58,2721.41,2615.769,2624.645
2024-11-26,2624.64,2641.93,2605.39,2632.785
2024-11-27,2632.19,2658.2,2627.24,2635.785
2024-11-29,2637.74,2666.34,2634.13,2650.25
2024-12-02,2650.33,2656.14,2621.96,2638.555
2024-12-03,2638.64,2655.62,2634.21,2643.225
2024-12-04,2642.93,2657.16,2632.5,2649.325
2024-12-05,2649.014,2655.56,2623.65,2631.665
2024-12-06,2631.283,2645.69,2613.48,2632.664
2024-12-09,2645.414,2676.44,2627.62,2659.354
2024-12-10,2659.59,2695.57,2658.07,2693.514
2024-12-11,2693.63,2721.16,2675.89,2717.395
2024-12-12,2717.6,2726.13,2675.31,2680.595
2024-12-13,2680.46,2692.76,2646.24,2647.385
2024-12-16,2649.603,2664.37,2643.68,2652.7
2024-12-17,2652.7,2658.62,2633.18,2645.575
2024-12-18,2645.94,2651.71,2584.574,2584.574
2024-12-19,2584.63,2626.41,2583.21,2593.585
2024-12-20,2593.64,2631.869,2589.73,2622.435
2024-12-23,2622.47,2633.29,2608.27,2611.635
2024-12-24,2612.963,2621.42,2610.12,2616.539
2024-12-26,2619.21,2639.14,2614.43,2632.705
2024-12-27,2636.3,2638.31,2611.75,2621.348
2024-12-30,2620.5,2628.12,2596.19,2605.705
2024-12-31,2605.44,2627.53,2602.71,2624.16
2025-01-02,2623.82,2660.52,2621.88,2657.195
2025-01-03,2657.66,2665.33,2636.882,2638.41
2025-01-06,2638.41,2649.45,2614.8,2635.995
2025-01-07,2636.27,2664.37,2632.99,2648.185
2025-01-08,2648.5,2670.07,2645.4,2661.105
2025-01-09,2660.713,2678.51,2655.65,2669.525
2025-01-10,2670.983,2697.91,2664.12,2689.755
2025-01-13,2689.755,2693.37,2656.9,2662.475
2025-01-14,2662.703,2678.05,2659.96,2676.875
2025-01-15,2677.253,2697.42,2669.52,2695.719
2025-01-16,2696.26,2724.744,2690.1,2713.745
2025-01-17,2714.6,2717.4,2699.39,2702.12
2025-01-21,2706.102,2746.04,2702.77,2744.005
2025-01-22,2743.09,2763.39,2742.1,2755.755
2025-01-23,2752.782,2758.94,2735.97,2754.145
2025-01-24,2752.6,2785.98,2752.6,2770
2025-01-27,2770.07,2772.6,2730.64,2739.755
2025-01-28,2740.17,2765.04,2734.95,2763.005
2025-01-29,2762.22,2766.3,2744.94,2758.615
2025-01-30,2756.52,2798.55,2756.52,2793.465
2025-01-31,2795.27,2817.21,2791.17,2797.46
2025-02-03,2797.46,2830.57,2772.2,2814.13
2025-02-04,2814.13,2845.48,2807.35,2841.4
2025-02-05,2841.4,2882.39,2839.92,2866.235
2025-02-06,2866.4,2873.3,2834.3,2855.81
2025-02-07,2855.51,2886.83,2852.6,2860.09
2025-02-10,2860.09,2911.85,2854.67,2907.55
2025-02-11,2907.55,2942.71,2881.89,2897.23
2025-02-12,2896.571,2909.19,2864.263,2903.975
2025-02-13,2903.86,2929.54,2900.62,2927.305
2025-02-14,2929.22,2940.02,2877.09,2882.085
2025-02-18,2898.351,2936.97,2892.15,2935.53
2025-02-19,2935.53,2946.99,2918.71,2933.15
2025-02-20,2932.659,2954.944,2924.24,2938.995
2025-02-21,2938.359,2949.81,2916.89,2934.955
2025-02-24,2935.49,2956.15,2921.55,2952.725
2025-02-25,2952.28,2953.58,2888.42,2914.52
2025-02-26,2914.52,2930.106,2890.89,2916.025
2025-02-27,2916.03,2920.697,2867.922,2876.485
2025-02-28,2876.66,2885.13,2832.77,2856.998
2025-03-03,2857.09,2895.27,2855.849,2891.43
2025-03-04,2891.801,2927.76,2882.05,2916.625
2025-03-05,2917.4,2929.87,2894.42,2918.9
2025-03-06,2918.9,2926.6,2891.41,2910.99
2025-03-07,2911.951,2930.383,2896.94,2909.355
2025-03-10,2911.06,2918.32,2880.27,2888.37
2025-03-11,2888.341,2922.22,2880.4,2915.46
2025-03-12,2915.53,2940.5,2906.19,2933.9
2025-03-13,2933.84,2989.3,2933.03,2988.698
2025-03-14,2988.698,3004.94,2978.62,2984.02
2025-03-17,2984.48,3001.95,2982.36,3000.74
2025-03-18,3000.83,3038.31,2999.48,3034.34
2025-03-19,3033.599,3052.1,3023,3048.88
2025-03-20,3047.16,3057.51,3025.77,3044.41
2025-03-21,3043.49,3047.51,2999.54,3022.79
2025-03-24,3023.17,3033.32,3002.53,3011
2025-03-25,3011,3036.11,3007.64,3019.82
2025-03-26,3019.01,3032.09,3012.41,3019.08
2025-03-27,3018.339,3059.77,3017.76,3055.698
2025-03-28,3056.16,3086.9,3054.36,3084.33
2025-03-31,3084.98,3127.915,3076.98,3122.97
2025-04-01,3122.298,3149.03,3101.022,3113.397
2025-04-02,3113.398,3144.23,3105.04,3138.238
2025-04-03,3138.869,3167.74,3054.26,3114.28
2025-04-04,3113.998,3136.83,3015.88,3037.31
2025-04-07,3037.31,3055.7,2956.66,2980.8
2025-04-08,2981.57,3022.696,2974.854,2982.16
2025-04-09,2982.2,3099.72,2970.124,3082
2025-04-10,3081.92,3176.4,3071.59,3175.37
2025-04-11,3175.798,3245.45,3175.32,3236.68
2025-04-14,3238.07,3245.73,3193.67,3210.657
2025-04-15,3210.657,3233.75,3210.23,3229.53
2025-04-16,3229.53,3343.185,3229.53,3340.03
2025-04-17,3342.36,3357.92,3284.09,3326.83
2025-04-21,3333.33,3430.67,3329.117,3423.846
2025-04-22,3423.39,3500.12,3366.9,3379.37
2025-04-23,3354.243,3386.64,3260.283,3287.94
2025-04-24,3287.62,3367.533,3287.62,3348.836
2025-04-25,3349.516,3370.793,3265.34,3318.76
2025-04-28,3318.62,3353.04,3268.12,3343.875
2025-04-29,3343.817,3348.65,3299.72,3316.89
2025-04-30,3313,3328.03,3267.02,3288.57
2025-05-01,3288.57,3290.42,3202.033,3238.837
2025-05-02,3238,3269.27,3222.94,3240.61
2025-05-05,3240.61,3337.59,3237.63,3335.987
2025-05-06,3336.087,3437.026,3323.31,3437.026
2025-05-07,3436.335,3438.133,3360.26,3365.19
2025-05-08,3365.17,3414.706,3288.93,3304.067
2025-05-09,3304.067,3347.59,3274.927,3326.46
2025-05-12,3324.44,3326.46,3207.956,3236.048
2025-05-13,3236.048,3265.51,3216.06,3249.52
2025-05-14,3249.52,3257.08,3168.15,3176.58
2025-05-15,3177.46,3240.55,3120.985,3239.798
2025-05-16,3239.54,3252.05,3154.4,3201.78
2025-05-19,3202.82,3249.83,3202.82,3230.01
2025-05-20,3229.857,3295.72,3204.72,3290.267
2025-05-21,3290.02,3324.91,3285.606,3316.796
2025-05-22,3316.776,3345.4,3279.23,3294.667
2025-05-23,3294.42,3365.93,3287.23,3357.519
2025-05-27,3342.827,3350.03,3285.26,3300.617
2025-05-28,3300.567,3325.51,3276.922,3287.967
2025-05-29,3288.017,3331.11,3245.46,3317.19
2025-05-30,3317.917,3322.7,3271.76,3288.58
2025-06-02,3289.08,3382.89,3289.08,3382.716
2025-06-03,3381.666,3392.1,3333.21,3353.345
2025-06-04,3353.65,3384.72,3343.92,3374.25
2025-06-05,3374.25,3403.44,3339.53,3353.867
2025-06-06,3353.46,3375.64,3307.13,3309.25
2025-06-09,3309.47,3338.2,3293.69,3324.97
2025-06-10,3324.97,3349.17,3302.04,3322.72
2025-06-11,3322.907,3360.7,3315.71,3357.172
2025-06-12,3356.52,3398.98,3338.7,3385.716
2025-06-13,3385.666,3446.79,3379.79,3433.35
2025-06-16,3433,3452.5,3382.98,3384.666
2025-06-17,3385.426,3403.37,3366.29,3389.698
2025-06-18,3390.076,3400.04,3362.76,3370.316
2025-06-20,3368.405,3374.51,3340.47,3367.64
2025-06-23,3367.09,3398.35,3347.16,3367.05
2025-06-24,3367.82,3369.81,3295.54,3323.515
2025-06-25,3323.516,3337.11,3312.09,3333.276
2025-06-26,3333.617,3350.34,3310.02,3327.536
2025-06-27,3327.358,3328.22,3255.92,3273.43
2025-06-30,3273.46,3309.54,3246.63,3303.09
2025-07-01,3303.12,3358.02,3302.49,3338.86
2025-07-02,3338.067,3360.11,3327.72,3357.896
2025-07-03,3357.08,3365.7,3311.67,3325.42
2025-07-07,3336.9,3343.04,3296.49,3339.036
2025-07-08,3339.035,3345.78,3286.91,3301.827
2025-07-09,3301.557,3316.9,3282.88,3312.72
2025-07-10,3312.956,3330.32,3310.27,3323.61
2025-07-11,3323.61,3368.75,3322.03,3354.75
2025-07-14,3355.37,3374.96,3341.15,3342.56
2025-07-15,3342.56,3366.38,3320.34,3324.316
2025-07-16,3324.316,3377.48,3319.79,3347.667
2025-07-17,3347.41,3352.25,3309.86,3338.85
2025-07-18,3338.63,3361.27,3331.87,3349.53
2025-07-21,3349.88,3401.46,3338.037,3396.866
2025-07-22,3396.866,3433.49,3383.42,3431.766
2025-07-23,3431.866,3438.92,3381.65,3388.216
2025-07-24,3387.698,3393.42,3351.52,3368.08
2025-07-25,3368.098,3373.44,3325.06,3336.22
2025-07-28,3336.7,3345.35,3301.915,3313.696
2025-07-29,3313.696,3334.12,3308.2,3327.115
2025-07-30,3327.116,3334.08,3268.19,3275.817
2025-07-31,3276.467,3314.85,3274.097,3289.83
2025-08-01,3290.077,3363.57,3281.7,3362.64
2025-08-04,3362.09,3385.45,3345.223,3374.206
2025-08-05,3374.206,3390.46,3350,3380.31
2025-08-06,3380.31,3385.42,3358.24,3368.426
2025-08-07,3368.166,3401.908,3365.404,3400.056
2025-08-08,3399.986,3409.04,3374.59,3398.579
2025-08-11,3398.75,3405.21,3341.35,3342.307
2025-08-12,3342.187,3359.23,3331.16,3348.267
2025-08-13,3348.455,3370.77,3342.78,3356.667
2025-08-14,3356.667,3374.79,3329.92,3334.99
2025-08-15,3335.687,3348.73,3332.35,3335.28
2025-08-18,3335.28,3358.43,3323.7,3333.267
2025-08-19,3333.267,3345.35,3314.81,3315.51
2025-08-20,3315.407,3350.3,3311.62,3349.367
2025-08-21,3349.387,3352.12,3325.33,3338.4
2025-08-22,3339.327,3378.8,3321.53,3371.235
2025-08-25,3371.43,3376.29,3359.91,3365.316
2025-08-26,3365.316,3393.66,3351.41,3392.948
2025-08-27,3393.146,3398.82,3373.89,3398.616
2025-08-28,3398.506,3423.25,3384.74,3416.615
2025-08-29,3416.616,3454.06,3404.41,3446.805
2025-09-02,3477.415,3540.1,3470.31,3532.405
2025-09-03,3534.09,3578.375,3526.51,3559.914
2025-09-04,3561.9,3564.13,3511.477,3546.365
2025-09-05,3546.225,3600.18,3540.22,3586
2025-09-08,3586,3646.46,3578.02,3635.764
2025-09-09,3636.02,3674.78,3623.604,3623.604
2025-09-10,3622.05,3657.58,3619.04,3641.098
2025-09-11,3641.9,3649.13,3613.155,3633.464
2025-09-12,3633.464,3656.68,3630.63,3643.06
2025-09-15,3643.06,3685.524,3626.839,3678.91
2025-09-16,3679.963,3703.13,3674.83,3689.463
2025-09-17,3689.403,3707.47,3646.32,3658.89
2025-09-18,3658.463,3673.07,3627.85,3643.653
2025-09-19,3643.753,3685.77,3632.36,3684.65
2025-09-22,3684.65,3748.88,3683.98,3745.698
2025-09-23,3746.112,3791.08,3736.83,3765.052
2025-09-24,3765.072,3779.41,3717.57,3735.613
2025-09-25,3735.67,3761.602,3722.16,3748.88
2025-09-26,3748.071,3783.85,3734.636,3758.78
2025-09-29,3758.78,3834.12,3754.948,3832.662
2025-09-30,3832.951,3871.73,3793.28,3858.41
2025-10-01,3859.031,3895.33,3853.517,3865.1
2025-10-02,3865.1,3897,3819.32,3856.07
2025-10-03,3856.071,3891.64,3838.22,3885.66
2025-10-06,3885.66,3970.06,3884.17,3959.27
2025-10-07,3959.22,3991.07,3941.05,3984.34
2025-10-08,3984.46,4059.31,3983.052,4040.42
2025-10-09,4040.42,4058.01,3944.81,3974.53
2025-10-10,3974.29,4022.901,3947.25,4017.845
2025-10-13,4000.069,4117.02,3996.29,4110.428
2025-10-14,4110.42,4179.748,4090.53,4142.588
2025-10-15,4142.088,4218.13,4140.776,4208.867
2025-10-16,4208.867,4330.66,4199.78,4326.48
2025-10-17,4326.48,4380.79,4186.19,4250.93
2025-10-20,4250.93,4381.484,4219.11,4355.62
2025-10-21,4355.666,4375.49,4082.12,4123.968
2025-10-22,4123.868,4161.32,4004.407,4097.94
2025-10-23,4095.919,4154.79,4066.17,4127.459
2025-10-24,4126.459,4144.36,4043.75,4111.555
2025-10-27,4094.8,4109.08,3971.47,3981.84
2025-10-28,3983.45,4019.72,3886.72,3952.321
2025-10-29,3952.29,4030.23,3915.17,3928.77
2025-10-30,3931.67,4027.23,3915.62,4024.46
2025-10-31,4024.429,4046.252,3972.55,4002.69
2025-11-03,4002.69,4030.532,3962.466,4002.4
2025-11-04,4000.95,4005.94,3928.92,3932.02
2025-11-05,3931.63,3990.61,3929.66,3979.695
2025-11-06,3979.99,4019.57,3964.76,3976.525
2025-11-07,3977.03,4027.38,3974.81,4000.289
2025-11-10,4000.289,4115.9,3998.03,4115.595
2025-11-11,4115.35,4148.966,4096.93,4126.71
2025-11-12,4126.71,4211.656,4099.099,4194.675
2025-11-13,4195.02,4245.22,4145.52,4171.15
2025-11-14,4170.138,4211.31,4032.21,4082.159
2025-11-17,4084.65,4109.72,4006.99,4044.505
2025-11-18,4045.33,4082.41,3998.1,4066.605
2025-11-19,4067.27,4132.81,4055.65,4077.025
2025-11-20,4077.36,4110.227,4038.99,4076.099
2025-11-21,4076.59,4101.167,4022.41,4064.279
2025-11-24,4064.59,4139.993,4040.22,4134.719
2025-11-25,4134.23,4159.47,4109.72,4130.425
2025-11-26,4130.25,4173.34,4130.03,4162.565
2025-11-28,4157.748,4226.796,4147.982,4218.55
2025-12-01,4223.1,4264.56,4205.63,4230.439
2025-12-02,4231.47,4236,4163.87,4205.745
2025-12-03,4206.03,4241.73,4194.783,4202.42
2025-12-04,4202.42,4219.91,4175.06,4207.87
2025-12-05,4208.16,4259.6,4192.19,4197.405