Date,Open,High,Low,Close,Volume
2024-07-23,3.3,3.31,3.19,32.7,20130151
2024-07-24,3.27,3.27,3.16,31.7,31096152
2024-07-25,2.98,3.0,2.92,29.4,32041550
2024-07-26,3.04,3.1,3.03,30.8,36664526
2024-07-29,3.19,3.19,3.07,31.2,33673442
2024-07-30,3.16,3.1659,3.07,30.8,15546251
2024-07-31,3.14,3.16,3.0525,30.8,23857815
2024-08-01,3.0,3.01,2.9,29.4,17839568
2024-08-02,2.96,3.0,2.81,28.3,22080150
2024-08-05,2.09,2.38,2.06,22.7,41084063
2024-08-06,2.32,2.4099,2.28,23.5,19635016
2024-08-07,2.33,2.35,2.195,22.1,23363957
2024-08-08,2.33,2.4599,2.2747,24.3,19167592
2024-08-09,2.49,2.51,2.404,24.45,15556239
2024-08-12,2.53,2.5699,2.4435,25.1,16511002
2024-08-13,2.49,2.5766,2.48,25.5,11617727
2024-08-14,2.57,2.5799,2.48,25.1,13943906
2024-08-15,2.51,2.52,2.38,24.1,15087505
2024-08-16,2.45,2.48,2.405,24.8,10433529
2024-08-19,2.45,2.48,2.4127,24.6,7292655
2024-08-20,2.48,2.5,2.41,24.6,8292925
2024-08-21,2.44,2.5,2.39,25.0,10344663
2024-08-22,2.48,2.48,2.44,24.5,7633255
2024-08-23,2.51,2.6,2.48,25.9,13716833
2024-08-26,2.59,2.59,2.52,25.3,8331835
2024-08-27,2.48,2.48,2.41,24.4,8659482
2024-08-28,2.38,2.4,2.314,23.6,13592248
2024-08-29,2.43,2.45,2.365,23.8,7335684
2024-08-30,2.37,2.4,2.29,23.6,11278155
2024-09-03,2.36,2.365,2.29,23.0,9836457
2024-09-04,2.25,2.35,2.25,23.2,12665404
2024-09-05,2.25,2.2799,2.21,22.2,11084910
2024-09-06,2.25,2.26,2.08,20.9,14153990
2024-09-09,2.18,2.22,2.14,22.2,9701058
2024-09-10,2.21,2.26,2.19,22.4,7999250
2024-09-11,2.2,2.23,2.1403,22.0,10125801
2024-09-12,2.21,2.23,2.18,22.3,9064044
2024-09-13,2.22,2.29,2.21,22.8,10951377
2024-09-16,2.18,2.18,2.135,21.4,12385567
2024-09-17,2.19,2.2599,2.17,22.2,10251330
2024-09-18,2.18,2.225,2.15,21.8,12062706
2024-09-19,2.3,2.35,2.28,23.3,13789202
2024-09-20,2.39,2.4299,2.37,24.0,11985797
2024-09-23,2.5,2.55,2.48,25.2,13972506
2024-09-24,2.49,2.51,2.44,25.0,12410648
2024-09-25,2.46,2.48,2.42,24.2,10368484
2024-09-26,2.47,2.52,2.46,25.0,13663039
2024-09-27,2.51,2.58,2.49,25.5,12997477
2024-09-30,2.49,2.49,2.42,24.4,11614406
2024-10-01,2.46,2.466,2.29,23.5,18955803
2024-10-02,2.29,2.3398,2.23,22.4,17362527
2024-10-03,2.21,2.23,2.18,22.2,13312645
2024-10-04,2.24,2.3,2.2101,22.9,9605683
2024-10-07,2.33,2.38,2.28,23.1,13054311
2024-10-08,2.29,2.32,2.2601,23.0,11663645
2024-10-09,2.29,2.33,2.27,22.7,15085641
2024-10-10,2.26,2.2799,2.19,22.3,14196712
2024-10-11,2.28,2.33,2.28,23.2,8936471
2024-10-14,2.4,2.4992,2.4,24.7,15134262
2024-10-15,2.46,2.535,2.39,24.5,17297957
2024-10-16,2.47,2.495,2.4401,24.7,11246068
2024-10-17,2.45,2.48,2.424,24.4,15049491
2024-10-18,2.47,2.53,2.46,25.0,13511289
2024-10-21,2.54,2.54,2.5,25.2,10173824
2024-10-22,2.48,2.49,2.45,24.8,9894896
2024-10-23,2.42,2.44,2.31,23.6,9761814
2024-10-24,2.39,2.4,2.36,24.0,10930790
2024-10-25,2.4,2.42,2.31,23.2,15668699
2024-10-28,2.39,2.39,2.34,23.6,21102020
2024-10-29,2.47,2.53,2.46,24.7,23474581
2024-10-30,2.54,2.57,2.5,25.0,26710154
2024-10-31,2.48,2.48,2.36,23.6,36134834
2024-11-01,2.38,2.44,2.34,23.7,25071469
2024-11-04,2.32,2.32,2.26,22.8,16795258
2024-11-05,2.31,2.3399,2.26,22.8,14331523
2024-11-06,2.48,2.55,2.46,25.5,22070262
2024-11-07,2.65,2.75,2.62,27.4,34365905
2024-11-08,2.79,2.82,2.73,27.7,28558481
2024-11-11,2.99,3.19,2.97,31.7,66969664
2024-11-12,3.07,3.12,3.03,31.1,45758049
2024-11-13,3.06,3.15,2.95,29.9,60861120
2024-11-14,3.01,3.02,2.8803,29.2,31672810
2024-11-15,2.89,2.92,2.84,29.1,45621254
2024-11-18,2.93,3.02,2.89,29.8,34370816
2024-11-19,2.93,2.97,2.91,29.2,20834836
2024-11-20,29.51,29.6,28.5899,28.93,1724058
2024-11-21,31.66,31.9979,30.61,31.64,7464303
2024-11-22,31.06,31.4199,30.8043,31.05,2020485
2024-11-25,32.96,33.46,31.5601,33.07,1973770
2024-11-26,31.31,31.7147,30.7,31.29,1128427
2024-11-27,32.91,34.34,32.85,34.28,2030330
2024-11-29,34.0,34.46,33.78,33.84,802280
2024-12-02,34.27,34.77,33.525,34.12,1441332
2024-12-03,33.5,34.07,33.0101,34.06,1308464
2024-12-04,35.08,36.78,35.02,36.7,2103539
2024-12-05,37.02,37.41,35.69,36.1,2364894
2024-12-06,37.01,38.67,36.85,38.26,2170559
2024-12-09,36.64,37.2325,35.11,35.3,2675614
2024-12-10,35.1,35.22,33.18,34.43,2466704
2024-12-11,35.16,36.2693,35.1,36.19,1330385
2024-12-12,37.5,37.6399,36.36,36.67,1117580
2024-12-13,37.07,37.46,36.59,36.98,1030161
2024-12-16,36.89,38.775,36.87,38.17,4356110
2024-12-17,37.85,37.98,36.92,37.09,4141394
2024-12-18,36.45,36.84,34.23,34.79,5783258
2024-12-19,34.74,34.9,31.36,31.83,10859633
2024-12-20,31.33,32.95,31.13,32.42,4444847
2024-12-23,31.58,32.15,30.77,32.05,2773754
2024-12-24,32.48,33.17,32.37,33.04,1799750
2024-12-26,31.68,31.71,31.165,31.37,3026487
2024-12-27,31.93,31.93,31.11,31.42,2009102
2024-12-30,31.51,32.2,31.06,32.01,2166973
2024-12-31,32.35,32.52,31.36,31.49,1455140
2025-01-02,32.61,33.01,32.29,32.56,1306233
2025-01-03,33.12,34.23,33.07,33.97,2178021
2025-01-06,34.27,35.325,34.23,34.75,2803686
2025-01-07,34.27,34.33,31.64,31.95,6169048
2025-01-08,31.63,31.89,30.19,30.93,2579646
2025-01-10,30.82,31.33,30.1,30.74,2579358
2025-01-13,28.67,29.23,27.45,29.15,1776104
2025-01-14,30.28,30.5,29.88,30.37,600026
2025-01-15,30.98,32.76,30.9,32.38,1263051
2025-01-16,31.52,31.72,30.76,31.45,1650252
2025-01-17,32.3,33.28,32.1,33.19,1075870
2025-01-21,31.41,31.75,30.77,31.23,1561887
2025-01-22,31.16,31.22,30.51,30.7,1018354
2025-01-23,30.49,31.0825,30.11,30.62,2762542
2025-01-24,32.06,32.28,31.37,31.4,1350645
2025-01-27,29.26,29.71,28.69,29.65,2135640
2025-01-28,29.87,30.27,29.14,29.15,668823
2025-01-29,29.35,29.99,28.8,29.59,1106572
2025-01-30,30.67,30.97,30.44,30.49,779367
2025-01-31,31.72,32.43,30.9651,31.26,1159482
2025-02-03,24.18,26.1696,24.06,25.54,5449362
2025-02-04,26.41,27.0588,25.67,25.77,3720124
2025-02-05,26.58,26.58,25.575,26.06,1384834
2025-02-06,26.08,26.18,25.21,25.65,1355409
2025-02-07,26.31,26.37,24.3,24.39,1937235
2025-02-10,25.04,25.38,24.88,25.3,812397
2025-02-11,25.04,25.193,24.3306,24.49,972417
2025-02-12,24.22,25.4,24.0,25.26,1168525
2025-02-13,24.93,25.1299,24.63,25.02,1140020
2025-02-14,25.44,26.32,25.3662,25.74,1150072
2025-02-18,25.62,25.65,24.55,24.79,1439168
2025-02-19,25.63,25.73,25.2214,25.66,553301
2025-02-20,26.04,26.1,25.51,25.92,852957
2025-02-21,26.6,26.7,24.7001,24.78,2161418
2025-02-24,25.17,25.33,24.7,24.89,793078
2025-02-25,22.72,23.65,22.21,23.46,3008562
2025-02-26,22.42,23.14,21.225,22.0,2049350
2025-02-27,22.08,22.169,21.09,21.21,1003681
2025-02-28,20.38,21.24,20.15,20.92,1734749
2025-03-03,22.26,22.335,19.76,20.03,2541982
2025-03-04,19.46,20.67,18.79,20.16,2376412
2025-03-05,20.74,21.085,20.3701,21.02,999746
2025-03-06,21.22,21.44,20.51,20.75,1071616
2025-03-07,20.59,21.26,20.16,20.31,2171935
2025-03-10,19.92,19.94,17.051,17.6,2527202
2025-03-11,18.08,18.48,17.34,18.36,1974627
2025-03-12,17.95,18.01,17.23,17.68,2012358
2025-03-13,17.9,17.9,17.14,17.4,1786966
2025-03-14,17.89,18.325,17.73,18.21,1149893
2025-03-17,17.87,18.39,17.785,18.3,909869
2025-03-18,17.88,17.96,17.625,17.93,2032795
2025-03-19,18.92,19.42,18.83,19.15,2363113
2025-03-20,18.73,18.93,18.3801,18.58,1320485
2025-03-21,18.33,18.6299,18.235,18.59,623628
2025-03-24,19.55,19.81,19.49,19.69,1252299
2025-03-25,19.54,19.63,19.345,19.56,826219
2025-03-26,19.36,19.37,18.66,18.83,1668237
2025-03-27,18.93,19.085,18.72,18.88,512633
2025-03-28,17.87,17.901,17.54,17.64,1207883
2025-03-31,17.19,17.46,16.93,17.22,1296397
2025-04-01,17.64,18.15,17.3507,17.99,1174306
2025-04-02,17.52,18.08,17.48,18.02,1070202
2025-04-03,16.7,16.9399,16.49,16.82,1438003
2025-04-04,16.75,17.21,16.68,17.05,1774283
2025-04-07,14.17,15.39,14.005,14.52,4285683
2025-04-08,14.9,14.93,13.685,13.77,2510669
2025-04-09,13.72,15.75,13.72,15.44,5881498
2025-04-10,14.96,14.98,13.86,14.24,2258823
2025-04-11,14.68,14.965,14.52,14.75,1099036
2025-04-14,15.74,15.91,15.22,15.43,1390377
2025-04-15,15.44,15.63,15.04,15.14,756261
2025-04-16,14.83,15.18,14.49,14.96,1058161
2025-04-17,15.02,15.22,14.72,14.9,646426
2025-04-21,15.32,15.46,14.73,14.83,1081884
2025-04-22,15.35,16.29,15.335,16.04,2868812
2025-04-23,17.12,17.29,16.6001,16.86,3177754
2025-04-24,16.56,16.76,16.45,16.63,1267142
2025-04-25,16.67,17.23,16.5702,17.0,1936219
2025-04-28,16.96,16.99,16.44,16.94,1575579
2025-04-29,17.1,17.26,17.04,17.18,1303067
2025-04-30,16.7,16.88,16.32,16.83,1134704
2025-05-01,17.46,17.66,17.18,17.38,2066993
2025-05-02,17.31,17.63,17.243,17.34,1069902
2025-05-05,16.99,17.215,16.9001,17.12,803391
2025-05-06,16.58,16.925,16.495,16.8,1147072
2025-05-07,17.18,17.285,16.85,16.9,1010460
2025-05-08,18.56,20.13,18.5,19.95,3950861
2025-05-09,22.12,22.51,21.435,21.98,3302581
2025-05-12,24.09,24.2601,22.7,23.17,4130681
2025-05-13,23.96,25.81,23.81,25.35,5186715
2025-05-14,24.61,24.74,24.0,24.54,2539976
2025-05-15,24.13,24.53,23.3451,23.84,2584863
2025-05-16,24.49,24.66,24.23,24.44,1101813
2025-05-19,22.65,23.99,22.59,23.74,2754479
2025-05-20,23.42,23.67,23.04,23.59,1212971
2025-05-21,23.82,24.65,23.105,23.67,2663762
2025-05-22,25.0,25.26,24.75,24.84,2616379
2025-05-23,24.15,24.43,24.02,24.15,1608234
2025-05-27,25.16,25.58,24.84,25.34,1870856
2025-05-28,25.2,25.34,24.64,24.66,1239888
2025-05-29,25.33,25.33,24.72,24.99,2073529
2025-05-30,24.46,24.66,23.9,24.24,1846265
2025-06-02,23.55,24.175,23.53,23.87,1050089
2025-06-03,24.73,25.03,24.55,24.77,1543701
2025-06-04,24.66,25.26,24.45,24.73,1539323
2025-06-05,24.81,24.81,23.63,23.83,2612797
2025-06-06,23.4,23.85,23.39,23.42,1304860
2025-06-09,23.93,24.42,23.6607,24.33,1453378
2025-06-10,26.0,26.46,25.37,26.15,2489358
2025-06-11,26.54,27.1393,26.2664,26.52,2584557
2025-06-12,25.82,26.14,25.35,25.38,1850776
2025-06-13,23.98,24.3612,23.61,23.82,2561894
2025-06-16,24.63,25.18,24.6,25.08,1615409
2025-06-17,24.12,24.2001,23.12,23.83,1785059
2025-06-18,23.26,23.93,23.24,23.5,1342800
2025-06-20,24.06,24.13,22.32,22.75,4287206
2025-06-23,21.2,21.92,20.62,21.81,4277921
2025-06-24,22.77,23.38,22.66,22.95,1974081
2025-06-25,23.01,23.04,22.53,22.91,1507768
2025-06-26,22.99,23.16,22.71,22.96,1354690
2025-06-27,22.84,23.08,22.5,22.74,1213586
2025-06-30,23.31,23.74,22.94,23.72,1695164
2025-07-01,23.02,23.1354,22.62,22.65,1965881
2025-07-02,23.05,24.59,23.01,24.56,3260847
2025-07-03,24.45,24.86,24.2,24.26,1242110
2025-07-07,24.11,24.21,23.69,23.98,1797486
2025-07-08,24.31,24.77,24.11,24.61,2217911
2025-07-09,25.1,26.36,24.78,26.1,4049635
2025-07-10,26.31,26.8,26.01,26.58,4485949
2025-07-11,28.27,28.405,27.7,28.37,4271209
2025-07-14,28.75,28.94,28.12,28.29,4907770
2025-07-15,28.59,29.21,27.97,28.68,5523137
2025-07-16,29.93,31.91,29.86,31.9,8561844
2025-07-17,32.26,32.6,31.7123,32.21,7733665
2025-07-18,34.19,34.67,33.29,33.52,7751263
2025-07-21,35.75,36.405,35.08,35.24,8564859
2025-07-22,34.87,35.365,34.18,34.59,4443420
2025-07-23,34.52,34.53,33.48,33.83,4420057
2025-07-24,34.35,35.575,34.06,35.26,5182973
2025-07-25,34.95,35.09,33.95,34.32,3294187
2025-07-28,36.25,36.45,35.35,35.78,5659013
2025-07-29,36.42,36.4247,34.99,35.45,5070299
2025-07-30,35.36,36.09,34.62,35.43,4908073
2025-07-31,35.8,35.97,35.15,35.17,3832020
2025-08-01,34.38,34.4,32.96,32.98,8589705
2025-08-04,33.57,35.01,33.51,34.55,3475132
2025-08-05,34.25,34.46,33.47,33.61,2900867
2025-08-06,33.83,34.87,33.6506,34.7,3492406
2025-08-07,36.11,36.56,35.63,36.47,3612223
2025-08-08,36.9,38.34,36.8042,38.3,5689408
2025-08-11,39.43,41.12,39.415,40.13,8518104
2025-08-12,41.65,42.6399,41.02,42.6,7373474
2025-08-13,44.42,44.8,43.49,44.68,9133486
2025-08-14,42.71,44.35,42.235,42.78,8541963
2025-08-15,43.5,43.5505,41.175,41.29,7935189
2025-08-18,41.0,41.3,40.23,41.02,4916507
2025-08-19,40.64,40.865,38.7,38.94,7221714
2025-08-20,39.43,41.09,38.66,40.96,5314845
2025-08-21,40.25,40.76,39.63,39.76,3712441
2025-08-22,40.12,45.785,39.979,45.56,11662706
2025-08-25,43.846,44.14,41.595,41.66,8822415
2025-08-26,42.27,43.34,41.8,43.31,6422863
2025-08-27,43.39,43.92,42.7035,43.01,3991832
2025-08-28,43.31,43.445,41.77,41.84,4184143
2025-08-29,41.37,41.4,40.18,40.88,6205715
2025-09-02,40.53,41.41,40.08,40.21,4820468
2025-09-03,41.25,42.315,41.17,42.16,3974941
2025-09-04,41.44,41.48,40.105,40.25,4776831
2025-09-05,42.03,42.17,40.03,40.8,7153158
2025-09-08,40.88,41.3,40.34,40.41,3402365
2025-09-09,40.9,41.09,40.26,40.45,3203720
2025-09-10,41.18,41.98,40.48,40.71,3927166
2025-09-11,41.53,41.87,41.38,41.7,2912962
2025-09-12,42.6,44.02,42.45,44.02,4809607
2025-09-15,42.67,42.8,42.031,42.32,4255531
2025-09-16,42.47,42.5,41.64,42.31,3946289
2025-09-17,42.43,42.69,41.65,42.57,5027787
2025-09-18,43.19,43.72,42.9555,43.24,3516730
2025-09-19,42.65,42.82,41.76,41.8,4193907
2025-09-22,39.63,39.77,38.85,38.96,5459143
2025-09-23,39.5,39.67,38.93,39.11,3537111
2025-09-24,39.34,39.625,39.07,39.18,2345291
2025-09-25,37.65,37.87,35.95,36.85,9744279
2025-09-26,36.89,38.355,36.8,37.96,6559503
2025-09-29,38.73,39.66,38.68,39.51,4794899
2025-09-30,39.28,39.3401,38.54,39.18,3501428
2025-10-01,40.48,40.97,40.33,40.85,5352265
2025-10-02,41.42,42.595,40.89,42.38,6001469
2025-10-03,42.33,43.295,41.81,42.64,6188792
2025-10-06,43.27,44.615,43.16,44.53,5104335
2025-10-07,44.82,44.8351,41.9,42.18,10064410
2025-10-08,42.13,42.92,41.79,42.53,5413380
2025-10-09,41.45,41.45,40.165,40.83,5248168
2025-10-10,41.11,41.37,37.2,37.61,13216570
2025-10-13,38.64,40.265,38.43,40.07,8664298
2025-10-14,37.18,39.21,36.72,38.68,12353334
2025-10-15,38.43,38.68,37.0,37.51,6686189
2025-10-16,38.09,38.32,36.245,36.43,10880305
2025-10-17,35.59,36.25,34.955,36.05,9003447
2025-10-20,37.94,38.14,36.92,37.51,5439791
2025-10-21,36.59,38.74,36.27,37.65,7913554
2025-10-22,36.29,36.5,35.58,35.82,9443226
2025-10-23,36.22,37.02,35.85,36.35,4774631
2025-10-24,37.35,37.4106,36.41,37.0,4508446
2025-10-27,39.23,39.895,38.84,39.52,3649242
2025-10-28,39.02,39.33,37.9044,38.06,4028908
2025-10-29,37.9,37.95,36.16,36.78,6464783
2025-10-30,35.97,35.97,34.595,34.7,5769479
2025-10-31,36.29,36.755,35.8,36.59,4670156
2025-11-03,35.05,35.21,33.52,33.74,6641790
2025-11-04,32.92,33.77,29.445,30.26,12386984
2025-11-05,31.455,32.79,31.25,32.51,4610771
2025-11-06,31.66,31.7,30.56,31.12,5533546
2025-11-07,30.41,32.72,30.065,32.66,5242129
2025-11-10,33.96,34.005,33.02,33.62,4370796
2025-11-11,33.28,33.28,32.265,32.38,4082066
2025-11-12,33.62,33.65,31.75,32.2,7266804
2025-11-13,32.3,32.73,29.6701,29.81,9771791
2025-11-14,29.51,30.68,29.26,29.58,7365196
2025-11-17,29.37,30.23,27.8342,28.29,12073208
2025-11-18,28.77,29.877,28.565,29.41,7869741
2025-11-19,28.53,29.26,27.03,27.71,10775793
2025-11-20,28.38,28.4591,26.26,26.68,12926268
2025-11-21,25.7,26.46,25.22,25.81,11463572
2025-11-24,26.38,28.145,26.25,28.03,7333470
2025-11-25,27.47,27.89,26.92,27.63,5247589
2025-11-26,27.67,28.72,27.39,28.55,5514729
2025-11-28,29.165,29.23,28.4,28.63,3828082
2025-12-01,26.59,26.719,25.645,26.01,6164625
2025-12-02,26.97,28.62,26.91,28.12,8349402
2025-12-03,29.0,29.79,28.83,29.62,9994202
2025-12-04,30.09,30.43,28.935,29.65,9723990
2025-12-05,29.25,29.79,28.16,28.52,10624131
2025-12-08,29.66,29.98,29.04,29.59,6389140
2025-12-09,29.35,32.07,29.24,31.39,11389954
2025-12-10,31.39,32.56,31.1701,31.66,9590188
2025-12-11,30.055,30.53,29.68,30.41,7038638
2025-12-12,30.45,30.6557,28.75,29.06,10686965
2025-12-15,29.52,29.695,27.31,27.62,9906961
2025-12-16,27.66,28.075,27.47,27.82,5965747
2025-12-17,27.76,28.58,26.32,26.61,11665012
2025-12-18,27.96,28.29,26.185,26.23,11644862
2025-12-19,27.91,28.48,27.7101,28.29,9847160
2025-12-22,28.86,29.01,27.96,28.08,7390957
2025-12-23,27.78,28.19,27.38,28.02,6982091
2025-12-24,27.62,27.87,27.24,27.71,3627031
2025-12-26,28.115,28.125,27.31,27.67,5971334
2025-12-29,27.665,27.98,27.48,27.62,5283916
2025-12-30,28.01,28.4,27.8,27.9,6430380
2025-12-31,28.39,28.42,27.91,28.06,5679199
2026-01-02,28.63,29.77,28.5,29.47,13946141
